-- MySQL dump 10.13  Distrib 5.7.18, for Win64 (x86_64)
--
-- Host: 127.0.0.1    Database: rentstuff
-- ------------------------------------------------------
-- Server version	5.7.18-log

/*!40101 SET @OLD_CHARACTER_SET_CLIENT=@@CHARACTER_SET_CLIENT */;
/*!40101 SET @OLD_CHARACTER_SET_RESULTS=@@CHARACTER_SET_RESULTS */;
/*!40101 SET @OLD_COLLATION_CONNECTION=@@COLLATION_CONNECTION */;
/*!40101 SET NAMES utf8 */;
/*!40103 SET @OLD_TIME_ZONE=@@TIME_ZONE */;
/*!40103 SET TIME_ZONE='+00:00' */;
/*!40014 SET @OLD_UNIQUE_CHECKS=@@UNIQUE_CHECKS, UNIQUE_CHECKS=0 */;
/*!40014 SET @OLD_FOREIGN_KEY_CHECKS=@@FOREIGN_KEY_CHECKS, FOREIGN_KEY_CHECKS=0 */;
/*!40101 SET @OLD_SQL_MODE=@@SQL_MODE, SQL_MODE='NO_AUTO_VALUE_ON_ZERO' */;
/*!40111 SET @OLD_SQL_NOTES=@@SQL_NOTES, SQL_NOTES=0 */;

--
-- Dumping data for table `__migrationhistory`
--

LOCK TABLES `__migrationhistory` WRITE;
/*!40000 ALTER TABLE `__migrationhistory` DISABLE KEYS */;
/*!40000 ALTER TABLE `__migrationhistory` ENABLE KEYS */;
UNLOCK TABLES;

--
-- Dumping data for table `aspnetroles`
--

LOCK TABLES `aspnetroles` WRITE;
/*!40000 ALTER TABLE `aspnetroles` DISABLE KEYS */;
/*!40000 ALTER TABLE `aspnetroles` ENABLE KEYS */;
UNLOCK TABLES;

--
-- Dumping data for table `aspnetuserclaims`
--

LOCK TABLES `aspnetuserclaims` WRITE;
/*!40000 ALTER TABLE `aspnetuserclaims` DISABLE KEYS */;
/*!40000 ALTER TABLE `aspnetuserclaims` ENABLE KEYS */;
UNLOCK TABLES;

--
-- Dumping data for table `aspnetuserlogins`
--

LOCK TABLES `aspnetuserlogins` WRITE;
/*!40000 ALTER TABLE `aspnetuserlogins` DISABLE KEYS */;
INSERT INTO `aspnetuserlogins` VALUES ('Facebook','2008377446103400','104a0362-d956-4a09-9d00-28e449a3cccf'),('Facebook','683968421797871','1234ff65-504a-47d1-9cb6-6594fa225010'),('Facebook','1538780569540162','1363c6ed-55e5-4e5e-aa8c-63f950d44209'),('Facebook','10155833893518290','1df0f4c1-2554-448d-9fd6-87d5afdd12e6'),('Facebook','10214652733172433','3d952619-e2a0-414e-a07e-c74c52f48625'),('Facebook','869948889848339','55a1d567-717c-4500-936d-e384af8981d8'),('Facebook','1295421680562921','61b496f9-5d6a-4b68-ae31-933d59e00fc1'),('Facebook','10156031081027369','97b5b6de-7e1c-4a8b-9aca-f8c95eaec268'),('Facebook','1807929492570389','9e67e197-d3a2-487c-af44-b04e9ee2e3a8'),('Facebook','555322381475802','aced3894-be67-4fd2-bcec-a98de3600e55'),('Facebook','103905970264622','ca77eb4a-6054-4ab2-895f-604b0faf5810'),('Facebook','10211026851972593','cacf1d6f-389d-4360-b436-d55a9294d312'),('Facebook','781817062019696','e0b708f9-68bf-4186-aae6-54188782b526'),('Facebook','2095542137138841','e9b649af-9d81-48ff-ad30-cc1549975657'),('Facebook','1861120867485205','ed02b47a-169c-499d-9595-8c0814c7d9b0'),('Facebook','10210240254338273','f5b46309-5207-46b4-a1c6-c86769ee9c6f');
/*!40000 ALTER TABLE `aspnetuserlogins` ENABLE KEYS */;
UNLOCK TABLES;

--
-- Dumping data for table `aspnetuserroles`
--

LOCK TABLES `aspnetuserroles` WRITE;
/*!40000 ALTER TABLE `aspnetuserroles` DISABLE KEYS */;
/*!40000 ALTER TABLE `aspnetuserroles` ENABLE KEYS */;
UNLOCK TABLES;

--
-- Dumping data for table `aspnetusers`
--

LOCK TABLES `aspnetusers` WRITE;
/*!40000 ALTER TABLE `aspnetusers` DISABLE KEYS */;
INSERT INTO `aspnetusers` VALUES ('0b2597c1-b855-4f22-b538-2d61f65c1618','ahmad.abdullah2232320@gmail.com','ahmad abdullah',1,'AAeJFQ4NBa1HrNfOtx5IjujArdUYc3lc6k9AykDnPZp4eXRUFzAi/t/43TbkpAdGFA==','edcf48d8-1641-4b38-b20f-8b31d74a3e5f',NULL,0,0,NULL,0,0,'ahmad.abdullah2232320@gmail.com',0,NULL),('0cfb36fa-e6bb-47a0-9a2b-42cb7e2a4cd1','oaftab@gmail.com','Omer Aftab',1,'ABQlVMHdvM4cyEBs1ltgO+5AvAbSAD8lL0WimGihY/y1KC/Y6YxaJM6hhK/7s625Fg==','9299c8f7-6185-4c6b-9470-812b9472125a',NULL,0,0,NULL,0,0,'oaftab@gmail.com',0,NULL),('104a0362-d956-4a09-9d00-28e449a3cccf','msajidzia@gmail.com','Muhammad Sajid Zia',1,NULL,'86808a1a-e404-411e-adbe-bb9abbeb1785',NULL,0,0,NULL,0,0,'msajidzia@gmail.com',0,NULL),('1234ff65-504a-47d1-9cb6-6594fa225010','akbarmk2000@gmail.com','Akbar Khan',1,NULL,'f082ade4-61c5-4cfb-86b8-e6d530e35a0c',NULL,0,0,NULL,0,0,'akbarmk2000@gmail.com',0,NULL),('1363c6ed-55e5-4e5e-aa8c-63f950d44209','syed.ahmad29@hotmail.com','Syed Ahmad',1,NULL,'3c58eea7-e604-4a92-bd14-048f6769c525',NULL,0,0,NULL,0,0,'syed.ahmad29@hotmail.com',0,NULL),('1a772379-bf5f-407b-ae1c-252e37b47c09','waqas.shah.syed@gmail.com','Syed Waqas Mahmood',1,'AHBUQr+v2f2ZgC0N1nBt1P2RLLI+U99SXdI9n+aRKBuRb8m8ISX69JCSGApQCRqdng==','784ebd33-26a2-465e-bb4f-d10ed73f3196',NULL,0,0,NULL,0,0,'waqas.shah.syed@gmail.com',0,NULL),('1df0f4c1-2554-448d-9fd6-87d5afdd12e6','ambersatti@hotmail.com','Amber Satti',1,NULL,'7b603ee2-541e-4900-8de3-80df331a0e63',NULL,0,0,NULL,0,0,'ambersatti@hotmail.com',0,NULL),('2830cb8b-62ae-40db-a18d-5089b38ff939','saqibmasoodchauhan@gmail.com','Saqib masood chauha',0,'ABLRYkO1f3bSOLMexYZ5F30QdGyJncIzxPeYDrwFTaYUDYEEZTTBbmVCdC3On6YjzA==','e1904e14-1eab-4472-be3f-026f716e789b',NULL,0,0,NULL,0,0,'saqibmasoodchauhan@gmail.com',0,NULL),('30e0b7c5-672b-4698-814b-81892624e3ab','mazadn2016@gmail.com','Adnan',0,'AMdOlmF2/RCP3Thdp2IN31mUrE9V07qVSQn1ZokzU2rXglr2X26f0/+xgWD/PJ/6mQ==','d76edc5e-57e9-4e85-aff5-8435520e3de0',NULL,0,0,NULL,0,0,'mazadn2016@gmail.com',0,NULL),('3d952619-e2a0-414e-a07e-c74c52f48625','jon.hartzler@gmail.com','Jon Hartzler',1,NULL,'09a70f7c-5835-4fb2-b239-2176064de75b',NULL,0,0,NULL,0,0,'jon.hartzler@gmail.com',0,NULL),('4d4e2385-bbd7-4fb4-ba5d-1ccbab4714e8','f.a.karachi@gmail.com','azeem ahmed',1,'AKj+9v3VMysmiPVy1CuOEjcXh0+ptZRWaCoCKa1nkXd/D9lSt9a6PU8/iaVhx1wObg==','53704231-8a12-4030-bc1e-9e1271b00cdc',NULL,0,0,NULL,0,0,'f.a.karachi@gmail.com',0,NULL),('55a1d567-717c-4500-936d-e384af8981d8','naveed.ali997@gmail.com','Naveed Ali',1,NULL,'d4a0c490-04d0-4fc5-aa85-7844b7a8529c',NULL,0,0,NULL,0,0,'naveed.ali997@gmail.com',0,NULL),('58d5f9a4-97eb-49ef-9422-a1ffb6b62714','mir.rsco@gmail.com','Imran Rasheed',1,'AJv+N4MXkoh367/RLWbhxR+PJgGUv6dhR6YKBml3zhl3HYimFQqL1yfc3JJ8rr3eOg==','ad1bb9f7-77b4-4773-9e09-89ac84fcab0d',NULL,0,0,NULL,0,0,'mir.rsco@gmail.com',0,NULL),('61b496f9-5d6a-4b68-ae31-933d59e00fc1','sahilsunny281@yahoo.com','Sahil Sunny',1,NULL,'c50e2b48-2687-4d5a-b2e8-9e15db7e27a0',NULL,0,0,NULL,0,0,'sahilsunny281@yahoo.com',0,NULL),('6cc87591-cadc-4428-8bee-aa818c1f1c89','nnawazsaeed@gmail.com','Namal',1,'AKTsLLCqdCMzQV6goIK4+pidVK8cGuPrf8MgsGyxDhf099P6iSSrFitYrof5JyeDRA==','4d59280a-da90-4fb6-93b8-c9d72ef674b9',NULL,0,0,NULL,0,0,'nnawazsaeed@gmail.com',0,NULL),('70310f7d-bcee-4e60-8bca-9d838619703c','qadirahmed@yahoo.com','Qadir ahmed',0,'AIpX68Jtt+5JNjUyGYNWBNt0z8WJ7LGRfOlLscO36qALOIny2ajj7XkR1sqf/6HsNg==','7119261b-aae5-47d5-b371-8db5fd9418d3',NULL,0,0,NULL,0,0,'qadirahmed@yahoo.com',0,NULL),('8915b539-2569-42d5-9f3a-bd7be8890b2a','agha.hakeem@yahoo.com','Agha Hakeem',1,'AFf4bYXLUf2Hz79hv/JHTXbKoCOSgMtdUZuS33ESX8juIycsxhFTWLl+Ff4Fm95VNg==','38bf476e-3c9a-4379-8c83-6c126331d7a2',NULL,0,0,NULL,0,0,'agha.hakeem@yahoo.com',0,NULL),('9730f27d-09c8-4ca0-bbcb-0094368b41b1','seebi74@hotmail.com','Haseeb',1,'ABGC5hRt8Px1bqpLiiWdkcaAqY+8OV8k0T9t+9hBZRpZdH+CG1jY3VtiTHQ81hBSKQ==','56bcbe35-1b80-4071-b776-cde65219be3a',NULL,0,0,NULL,0,0,'seebi74@hotmail.com',0,NULL),('97b5b6de-7e1c-4a8b-9aca-f8c95eaec268','sunshineexp@gmail.com','Ghazanfar Ali',1,NULL,'27cbc72f-078c-4bd1-b794-9ff23ea0e1d2',NULL,0,0,NULL,0,0,'sunshineexp@gmail.com',0,NULL),('9e67e197-d3a2-487c-af44-b04e9ee2e3a8','lawary_pak@yahoo.com','Shah Hassan',1,NULL,'4de2dc17-e6c2-4dc3-b82b-2093dd9daaea',NULL,0,0,NULL,0,0,'lawary_pak@yahoo.com',0,NULL),('9fe49c27-50e9-43e7-a9fc-b0b33acc29c9','abidkapadia@gmail.com','Abid kapadia',0,'AL29Kj4cLWmnR145OnUJ6Z5vCMk1QUgZrncR84GQy1UBKxX6aygl/+M3O29gvsDpoA==','ce9b21dd-c392-4839-82d6-39d8c6974bcc',NULL,0,0,NULL,0,0,'abidkapadia@gmail.com',0,NULL),('aced3894-be67-4fd2-bcec-a98de3600e55','chatifalikhan73@gmail.com','Ch Atif A Khan',1,NULL,'adc53e46-615c-43f8-88e1-5f94e5223465',NULL,0,0,NULL,0,0,'chatifalikhan73@gmail.com',0,NULL),('af190155-8ac9-465e-993f-108ac6ebf389','jmabid@gmail.co.uk','M.Abid jamil',0,'AEuulUkjPX+XNujxKkUE23x19E/gq3w0w2oC7H8FDXP/MRMHz8Eq4l2Mnd04c0+N9Q==','16f5dd96-d1ab-47c3-8d4d-27e96a8ea917',NULL,0,0,NULL,0,0,'jmabid@gmail.co.uk',0,NULL),('b1aee920-ea9a-4ae3-b148-7a2faa2e2486','fnawazsaeed@gmail.com','Namal',0,'AIwaN95HWw5abIo4qiJJyHr1v+yoLlpFAPj/fe1Ta7XnlTOrEgPKqyF152AhEVtbtw==','3afbf03a-ef88-4f1c-9d54-1b2233259b67',NULL,0,0,NULL,0,0,'fnawazsaeed@gmail.com',0,NULL),('b883f5f0-2ec3-4dbf-895a-1ec653e462a7','zafar_saad@yahoo.com','Zafar MuhammadKhan',1,'AAopsBDWbSCj7smOLgA+IzOke5AUln1AYXutC2Kz2/XPOXe93yiQncHjAWO2rfyMPg==','c1bc4ba1-b3d0-41f5-8b01-38d11a75992b',NULL,0,0,NULL,0,0,'zafar_saad@yahoo.com',0,NULL),('ba6d8eae-7022-4263-9a49-177a42dcb28d','junaidshah661@gmail.com','SYED JUNAID MATLOOB',1,'AJesj7pihuHTwH6B+7wIkxQJRCToVZ4a0fa1rTqQY22z5dyZNRjl3GRGADX2+jqZIg==','71527d07-23ad-42bd-bb73-872b99b1c35c',NULL,0,0,NULL,0,0,'junaidshah661@gmail.com',0,NULL),('bced3be5-8525-4cb5-9f77-3570aa83880f','amirali.ofc7@gmail.com','AmirAli',1,'ABivMg3Cv604ERajDoXq2wjNk7kX4Gh4CHt75CeZQRgi1xk077U6JlShKqd28UIOVw==','fbecabfb-d3a9-4761-9920-94022bfc0a81',NULL,0,0,NULL,0,0,'amirali.ofc7@gmail.com',1,'2017-11-30 16:49:47'),('ca77eb4a-6054-4ab2-895f-604b0faf5810','printutil@gmail.com','Zarqoon App',1,NULL,'b8419758-fde6-4317-9475-b330e9c620b9',NULL,0,0,NULL,0,0,'printutil@gmail.com',0,NULL),('cacf1d6f-389d-4360-b436-d55a9294d312','nawaz.nadeem@yahoo.com','Nawaz Nadeem',1,NULL,'7dcebd56-def7-4744-bfaa-c06b7ba5c00e',NULL,0,0,NULL,0,0,'nawaz.nadeem@yahoo.com',0,NULL),('d20d1ec7-23a0-4d5e-a3df-9d48cd994106','tashheernama@gmail.com','Tashheer Nama',1,'AKA4UROcztKZTJGCitWNQNHpxkRTwPZjzK+O0ekLw4FiWgCVdYyibTvZq11oaH65zQ==','1aa6a7ea-b6aa-4143-a3e5-f3340c124126',NULL,0,0,NULL,0,0,'tashheernama@gmail.com',0,NULL),('d7b78e22-77da-47a0-b6c8-710cf588e9d9','saqibmasoodchauhan@gmail.com','Saqib masood chauha',0,'AGwCRpm0VonX40kpDLk2Or2/bI2Iez6+tKA7h1BM5EhEbayk+qBOJSlpI3JAie2gbw==','2c4a094a-8454-49e2-b57d-0bbeb6d75a73',NULL,0,0,NULL,0,0,'saqibmasoodchauhan@gmail.com',0,NULL),('df058476-a7d2-4d2b-91e9-0050cafb8ce8','waqas.syed@hotmail.com','Syed Waqas M',1,'APdPRq986BvcAqMCrsgRxafzX7FHwTWG//G4Z1p9mzAYKtCOr/b210ATvJ4315owpA==','87c5d91d-720e-4f26-9e36-ba377f0b333e',NULL,0,0,NULL,0,0,'waqas.syed@hotmail.com',0,NULL),('e0b708f9-68bf-4186-aae6-54188782b526','fastlinkers1@gmail.com','Ejaz Khan',1,NULL,'68b9a424-28dc-4700-9c00-4ccd5421e203',NULL,0,0,NULL,0,0,'fastlinkers1@gmail.com',0,NULL),('e4ce1bca-8155-4941-90ae-ffd50b7d8428','ehtashamhaq7@gmail.com','Ehtsham',1,'AIEmArgvFKiUhpZJbsUNNax11sOvLg1e6+c4rbYuQ0x6IMWd4Q6ofBcPNpZ3sNKGjA==','b1a2461e-b1ba-448d-975a-14a9a55a4539',NULL,0,0,NULL,0,0,'ehtashamhaq7@gmail.com',0,NULL),('e9b649af-9d81-48ff-ad30-cc1549975657','adilmazhar@live.com','Adil Mazhar',1,NULL,'3dd98b34-53da-4685-8665-b4ed1f6433c9',NULL,0,0,NULL,0,0,'adilmazhar@live.com',0,NULL),('e9ce41a1-9048-4965-a78f-827ffe3cba27','munirsohail77@gmail.com','Munir Sohail',1,'AONiGvstv03m8Elv1/GD9ZtuOgHC+XbalUR8ItOSSG29n0JRBeWTBkcfu/xcqUPAAg==','3748073c-b96f-43c1-9b15-61ef54aa9f37',NULL,0,0,NULL,0,0,'munirsohail77@gmail.com',0,NULL),('ed02b47a-169c-499d-9595-8c0814c7d9b0','farasat384@gmail.com','Farasat Shah',1,NULL,'da9e8c6d-6f11-4a70-9903-b97be8545e55',NULL,0,0,NULL,0,0,'farasat384@gmail.com',0,NULL),('f5b46309-5207-46b4-a1c6-c86769ee9c6f','omi.sheikh1001@yahoo.com','Omi Sheikh',1,NULL,'6aab9d09-e43f-4e97-8ec5-ef0359844422',NULL,0,0,NULL,0,0,'omi.sheikh1001@yahoo.com',0,NULL),('f5eccc59-c0cd-4f50-bf37-5e7eb9e3e49a','shahid70@live.com','Shahid khursheed',0,'ACmTSVi/Z/PuWN5CglPxTh39RdOWolLXE4H+9H+xpvC0vHYedCdEA3P0E/5iIagdWg==','acedda9d-7e9b-437a-abba-9f24af0eb72b',NULL,0,0,NULL,0,0,'shahid70@live.com',0,NULL);
/*!40000 ALTER TABLE `aspnetusers` ENABLE KEYS */;
UNLOCK TABLES;

--
-- Dumping data for table `dimension`
--

LOCK TABLES `dimension` WRITE;
/*!40000 ALTER TABLE `dimension` DISABLE KEYS */;
INSERT INTO `dimension` VALUES ('0a25fe74-6991-4dd0-9196-44efe359c02d','0','8',0.0000),('0c521591-851c-41ba-959f-6e877184e17e','0','6',0.0000),('10e01d7d-d5d2-49d9-89aa-9d7288c5f3c4','0','3',0.0000),('1302fb55-8257-41ee-8695-447ec2c1eb67','0','16',0.0000),('15a975c7-706e-495d-b74e-61f4fa7a3233','0','5',0.0000),('1eb1ed42-35f8-4196-83b7-7aa3b3a84698','0','10',0.0000),('2118a487-fc38-4fb0-88b5-a3affae32cbf','0','10',0.0000),('222d77a4-929e-4c18-aa19-c9dab0dcc761','1','11',0.0000),('29f9c5cc-ba09-4ec6-883d-514fcee34c54','0','9',0.0000),('2d48cf14-504d-4bad-ac88-ddcf35a6163e','0','2',0.0000),('309e614c-020c-4151-bcb4-f7187e0666f5','1','1',0.0000),('3670b760-4e94-449c-b537-b7a8787a10d4','0','10',0.0000),('3d802416-0300-4df1-b5c6-3394a7b8b2ec','0','10',0.0000),('3f180d19-e0d5-4d6a-aef9-be2efa091d9f','0','5',0.0000),('41be8de4-ab73-4c8c-aaf3-2209b1a20dc5','1','1',0.0000),('42da4f02-ed37-445a-b855-8349540097bb','0','1',0.0000),('45d1dbb5-f6cc-493b-951c-394116b26f11','0','10',0.0000),('463d896e-40d6-431b-b34d-75b8aa522419','0','10',0.0000),('4a65665d-182f-409e-b177-56225aeee8e7','0','8',0.0000),('4caf8442-3a7d-4dba-b585-a70353a283ba','0','6',0.0000),('503adf59-093f-4de0-b036-69cc3d88d572','1','1',0.0000),('50b36a3d-d9b1-4894-9b31-fca32a9265ca','0','3',0.0000),('51c82770-1493-4305-9d9c-3795a471db15','1','1',0.0000),('5391b0da-a830-4090-9bdf-ddf1491f9050','1','1',0.0000),('54491cee-80b5-4e5a-b35e-bbe56437dfc4','0','10',0.0000),('54eff152-24cb-4e22-9892-37e3fcfa1693','0','20',0.0000),('5678a3da-b76b-438e-9846-4dafc2d45033','1','1',0.0000),('59b82c84-e4be-43eb-9990-14e0ad9d34ec','0','10',0.0000),('5baf754f-4326-4ba3-8520-6e43eb8c3eaa','0','16',0.0000),('629912ad-7fb8-4177-a465-b31a69b85399','0','5',0.0000),('63652cfc-6b28-438e-999c-a50ec7d7a277','0','6',0.0000),('68e87979-0bf3-4462-b89d-1f5cbb944fd1','1','1',0.0000),('69945c3f-b571-4b52-9d80-6210b8028c23','2','6',0.0000),('6cbada04-b670-4141-9791-98466b29e1d5','0','10',0.0000),('6dac78e4-c7de-49af-acaf-ff9b9241420b','0','10',0.0000),('6e9edd3f-16cf-436a-a0ca-b24989443a0c','0','3',0.0000),('71896d81-d155-49ab-8b0c-c72e2e2b6f28','0','6',0.0000),('7257c728-b52f-47ed-ab14-8d045e1beb09','0','10',0.0000),('73df0f39-e50a-4e84-8339-b97a5016943a','0','10',0.0000),('74320342-3d0c-4c5b-b44b-7b51784430ca','0','5',0.0000),('75fe6f59-54a3-42b8-b5f0-ad4461eac3d6','0','10',0.0000),('793c964e-a0c0-4b6e-9532-746fe47b96be','0','6',0.0000),('7bcb52ec-7888-42e2-bfbb-9a26752eff86','0','10',0.0000),('7c4f0c9c-062b-4b77-81e4-6296fb5587a0','1','1',0.0000),('7e662b19-b228-46af-b5e9-792d563b3ae8','0','3',0.0000),('841dcd48-25af-4bdf-9195-57b1dd790f05','0','10',0.0000),('8671421f-62e0-4270-b4b0-6efd5e6dddae','1','11',0.0000),('8bc1495e-b05f-45b8-b5fe-850043795c26','1','16',0.0000),('925632eb-b6c0-4982-bff1-34779bf9e64a','0','10',0.0000),('932d3899-7c7f-4ab4-8727-aff91b688128','0','10',0.0000),('93b4d33e-f923-4606-a998-ce405c7a0582','1','4',0.0000),('942fadd9-e874-4a4e-9721-a1f31806c444','0','10',0.0000),('98f34789-8662-436b-bf3c-556766b19560','0','10',0.0000),('9a090681-40eb-4578-a575-8e2925ee1d2e','1','16',0.0000),('a08898ed-5ab8-482d-94ad-b2afdbc96d45','0','3',0.0000),('a1e7df48-b076-43c6-881d-9cef57e5ee12','0','4',0.0000),('a2fef8ef-8cf6-4a09-adfa-ac2bbc6ac7de','0','1',0.0000),('a3af67bc-b30f-44b0-8df3-a0efca580667','0','10',0.0000),('a4ae968a-147e-49a0-a21c-5599145cee07','1','11',0.0000),('a854644f-945e-46bc-957c-3fb0d151276d','0','15',0.0000),('aa61a01f-da64-45a4-8f46-f14aa8d4b663','1','1',0.0000),('ab22545d-e2da-4719-a6dc-97a0a65962a2','0','20',0.0000),('aec3bf8e-3cbe-407c-a126-c84938b040eb','0','8',0.0000),('b07d7951-d33d-41d9-82e0-0b3a7d8ec32c','0','2',0.0000),('b8b28c09-e4c6-4bd2-86c8-60c3bccbc446','0','9',0.0000),('bb872d90-1c47-4d27-8d3e-8cc6e766b8f1','0','3',0.0000),('c1e5fc51-1ccf-41cf-af1e-a1e79dd667aa','0','10',0.0000),('c3c89087-81d2-405d-9ba2-8b7714d5e5ca','1','7',0.0000),('c57cccfa-ac3c-4841-b9c8-4ef0413a97f1','1','5',0.0000),('c6568758-1627-4b97-80f6-5d6d10329a6e','0','4',0.0000),('c76b7e54-417b-47be-a1be-f4b85f96a56a','0','4',0.0000),('cab06f4c-cf00-4967-a72d-536469f9f302','1','1',0.0000),('ccf82c86-7f14-4007-a764-7b2a02ed9c4c','0','9',0.0000),('d128363b-ed6f-45f3-bc0f-fbaeb46539dc','2','14',0.0000),('d327adbc-8f42-49a1-8c32-59ef30e70c30','0','16',0.0000),('d45f48b1-4e6d-4b24-ad25-6ce1ac8d195f','0','9',0.0000),('d59dd920-0d20-4f42-99d0-04dc23afd1ea','0','10',0.0000),('d8968989-eafd-4b5a-b923-5f533340db3b','0','9',0.0000),('d9f20d5e-4e4d-4ba4-bf8a-4ef23f79b9d4','1','3',0.0000),('db102c64-0845-41f7-bdbe-497587e74e40','1','1',0.0000),('dc3317bb-e2f9-401b-8fa2-7b1f02cacfce','0','6',0.0000),('dc5a6159-2375-4a34-b18f-1f630073605c','0','5',0.0000),('dde64e40-7868-49f3-ac9f-8d96f9020873','1','1',0.0000),('ea817ab6-e3c3-4c1b-a0b0-eeee7c208ea0','0','16',0.0000),('ed26d60d-5d19-4f4c-9f2a-702fe115acb0','0','5',0.0000),('ed32cd85-72b0-494d-a813-efbfdaeb6d1a','1','4',0.0000),('ee8c8916-eede-4e26-9676-90b13b7f217a','0','6',0.0000),('f5582f22-7634-4f9c-9d52-e4f71aaff9f2','0','12',0.0000),('f5b7e149-52f8-42c6-ac26-ce145ef38027','0','12',0.0000),('fc65905a-ef0c-4a35-a325-671e189a1cec','0','10',0.0000),('fc78199e-9e0c-49bb-afc8-474501443b49','0','5',0.0000),('fdba8dfb-789d-4894-8ee6-866cb5ee5579','1','1',0.0000);
/*!40000 ALTER TABLE `dimension` ENABLE KEYS */;
UNLOCK TABLES;

--
-- Dumping data for table `externalaccesstokenidentifiers`
--

LOCK TABLES `externalaccesstokenidentifiers` WRITE;
/*!40000 ALTER TABLE `externalaccesstokenidentifiers` DISABLE KEYS */;
INSERT INTO `externalaccesstokenidentifiers` VALUES ('05ea1fc9-5737-4e16-9fb0-f3e601b09150','EAABoPvw9qxEBAJYZBRhUYFOnFVrZAZAMAIY868wZBg5JsSOYUJPaLzqRCyrVSaaVBKlO8rRy2cpBMZBxs1D1LEFREawegzb1uGsDZB1Kdi2Kk04AtjWGzbgqVypck3KQaZCUPzCkSZBxOyvgQVvCsjsJ6ZBxoKbPldphUTi9KwUrQCkvy9YIGFahJ'),('12a345ee-601d-42d6-9337-6f24bf9c3e1f','EAABoPvw9qxEBAGR7y3IcXydAEZCROjTZCR9c371UavLIeUdPkbxq8rXDEvSVTJnbyoM3mjBacMWxK16jrnWqZCHnY6jkjql2ikAZBsYoBgZCjFV8ZCQkfZCT00UzqV6Ji8X7BZCOrkSvMG9V77Tq8qpa7LakeX1rkntgWUDJMCSupgZDZD'),('2e4de1e6-44f0-43d3-a7b2-1db6ec5a8b33','EAABoPvw9qxEBAIWw8ZAPdcgj6ZBPrNz0nGZCl7fJeZCb9q9AOTZApypEMG5THWAGYDtZA8NrOmZAM4AQ57imgfc1JMnbBgQ845mgTyyGXDXZCFBZAnoqoxvV0qQyZBalEag1PZBVKoaAccZCqiKR5GIp7ifhlc6lp4E4oIkwFGg8WNKvTAZDZD'),('2fe7815e-f54d-4763-949c-ee0dc83f2ee1','EAABoPvw9qxEBAB3bq964uih6wpMZBDOhOs9gyn6rhaaW6harwVADXNNyR671PITNbO3FXCNX3lQZC2EwRUAW3ZC7YVa1ZAW1GnoSClmVzUzT84Vgt3U5k5javIPoBVeyoJzotbv6SJGEdt87E96tT3DMwAcx6a03FYMYvoztVgZDZD'),('35edcb0e-ac10-423d-8cdb-0f53b8692983','EAABoPvw9qxEBAB3bq964uih6wpMZBDOhOs9gyn6rhaaW6harwVADXNNyR671PITNbO3FXCNX3lQZC2EwRUAW3ZC7YVa1ZAW1GnoSClmVzUzT84Vgt3U5k5javIPoBVeyoJzotbv6SJGEdt87E96tT3DMwAcx6a03FYMYvoztVgZDZD'),('378e8bd9-8ae0-499e-837a-315bea0defd4','EAABoPvw9qxEBAB3bq964uih6wpMZBDOhOs9gyn6rhaaW6harwVADXNNyR671PITNbO3FXCNX3lQZC2EwRUAW3ZC7YVa1ZAW1GnoSClmVzUzT84Vgt3U5k5javIPoBVeyoJzotbv6SJGEdt87E96tT3DMwAcx6a03FYMYvoztVgZDZD'),('5e745d4a-adfe-45fb-a65b-271aa7108c80','EAABoPvw9qxEBAGR7y3IcXydAEZCROjTZCR9c371UavLIeUdPkbxq8rXDEvSVTJnbyoM3mjBacMWxK16jrnWqZCHnY6jkjql2ikAZBsYoBgZCjFV8ZCQkfZCT00UzqV6Ji8X7BZCOrkSvMG9V77Tq8qpa7LakeX1rkntgWUDJMCSupgZDZD'),('6757fb03-4ce9-4bb8-ad59-7d1e947d544a','EAABoPvw9qxEBAH6KbljGe4gX1ICD0jNvvteXcdVElmbjH1qB5sBZAADak07vRIt0bocMNMv9EmTiZA7RR8oV4K6f17nyhusR1BlJLgJZCA6X1KcFZCdL5kFXA5qsiLZCEUbck8QBG4sjQm3zf1MFy2j2YZC6YMDIAnTvZByfONKQipSMLjOIs9ZB'),('6780d52d-2200-44d9-acc9-7f037848461c','EAABoPvw9qxEBALcFtcRNYXqm6Mga8KKiHNd7omUAhR7GOsbjY9pjx5XwLCwcCsBSO0H2CZAyAZCyjATVe2Ujx7LuOR1A9pSE9LxYuZBS3obBAJj6dIrPlIR8h8rwG5eDmTZCTLeFjmJv4UJ5SWOzC6tD9DZBurrajfah38VqtEgZDZD'),('74e138e6-81fe-4d4f-bc34-41b59989488a','EAABoPvw9qxEBAEOsz5WYi9kkcRfjUoKQMK2GozlIu3HZCxbFDyvfskGcbk64SwhAFrVAKetWvNkOCsgod8pS7i3Qze9zEz0dNBVGZCG9Ejf5ctCA6mKt7rF6wS5dGdcEf6M0GjFxMhh6IfvptA06vka0svkQ5lKOurcZBbEZB0QgUoFZAN69P'),('9d8a3d93-fa1f-4bd4-9ae1-08373df1da00','EAABoPvw9qxEBAB3bq964uih6wpMZBDOhOs9gyn6rhaaW6harwVADXNNyR671PITNbO3FXCNX3lQZC2EwRUAW3ZC7YVa1ZAW1GnoSClmVzUzT84Vgt3U5k5javIPoBVeyoJzotbv6SJGEdt87E96tT3DMwAcx6a03FYMYvoztVgZDZD'),('9ed9ef86-5b62-4d0c-8c6f-1ec1e837e8a8','EAABoPvw9qxEBAEOsz5WYi9kkcRfjUoKQMK2GozlIu3HZCxbFDyvfskGcbk64SwhAFrVAKetWvNkOCsgod8pS7i3Qze9zEz0dNBVGZCG9Ejf5ctCA6mKt7rF6wS5dGdcEf6M0GjFxMhh6IfvptA06vka0svkQ5lKOurcZBbEZB0QgUoFZAN69P'),('c760df21-49fa-491e-9352-0ccfeea34e95','EAABoPvw9qxEBAFAfhZBoDmYDZCnMigqlyI4VKmTjXIZBrfZCLFENRGPhrOISSd6ZB2rujdicr4XJ1sD5YzR4PqDq8WqF2qUdSW7xPlGVru5kjPrjH0XljTAm2eAvVA5Uo9ZBqAObzZCBYkEA42w2EWnE4YCSLL7OHuP8ZCCbbTNIZCNl7uMusjt19'),('ccd41907-8b7a-44b4-8e98-332185cba354','EAABoPvw9qxEBAGR7y3IcXydAEZCROjTZCR9c371UavLIeUdPkbxq8rXDEvSVTJnbyoM3mjBacMWxK16jrnWqZCHnY6jkjql2ikAZBsYoBgZCjFV8ZCQkfZCT00UzqV6Ji8X7BZCOrkSvMG9V77Tq8qpa7LakeX1rkntgWUDJMCSupgZDZD'),('cea4ae4a-6303-4d51-8aaa-dd6a5224612f','EAABoPvw9qxEBAHCjZBP2tAtuIHbpkgkyCxWE7FBMQRVAhcpbXClbWH3bxV6VA0KpLKjvlqj2ltI4d4WlGD097PXayrM6EM1HblDcbjyRQXqI1M0726L1z1whYZAZCAdHroQicnw0jRFNiM4hlZAT0HDExUSo0A6BTntEXT524QZDZD'),('d9d1d444-29bf-4a66-903a-e0e0dfd75f56','EAABoPvw9qxEBADTCCUoXthAI3ugaJihGQNBmeOtDEZCeQqYDJml8lvYZCvb4r83wxRXZBE6tioWt8K4CoAsn0FtODpQKO1Bf08jaZCGzxsl32J6h2VVRjwSZCmpGuWcUvkTwkfMUvoOMLW2kyGygzKdfFYOmAc449rPSrJs0rx2N4mihe0qbc'),('dec3a15a-d7b8-4474-adb9-316ed615990f','EAABoPvw9qxEBAKjZBpLjtuO9OUpd4dTJs8V4l0uvpb3cEucZC8DS9T5ivztZAGZCFsBeUBJoOh2VGZA3znQumdms3lI8X7okkBiZBiNRvM9Ig7KPeQZA2zJ7M2BOxK4KydYAAhKucUvPCZCRLlxGmZAriSKWWy0886cLcfpYkM5Wp0byr3pMZADvgV'),('eb536424-4588-4d64-b6b2-8db01501de0f','EAABoPvw9qxEBAB3bq964uih6wpMZBDOhOs9gyn6rhaaW6harwVADXNNyR671PITNbO3FXCNX3lQZC2EwRUAW3ZC7YVa1ZAW1GnoSClmVzUzT84Vgt3U5k5javIPoBVeyoJzotbv6SJGEdt87E96tT3DMwAcx6a03FYMYvoztVgZDZD'),('f9ecc093-78be-421a-95d8-8b9a3187ecf9','EAABoPvw9qxEBAGR7y3IcXydAEZCROjTZCR9c371UavLIeUdPkbxq8rXDEvSVTJnbyoM3mjBacMWxK16jrnWqZCHnY6jkjql2ikAZBsYoBgZCjFV8ZCQkfZCT00UzqV6Ji8X7BZCOrkSvMG9V77Tq8qpa7LakeX1rkntgWUDJMCSupgZDZD');
/*!40000 ALTER TABLE `externalaccesstokenidentifiers` ENABLE KEYS */;
UNLOCK TABLES;

--
-- Dumping data for table `hostel`
--

LOCK TABLES `hostel` WRITE;
/*!40000 ALTER TABLE `hostel` DISABLE KEYS */;
INSERT INTO `hostel` VALUES ('36c2c388-ca06-427b-b3b0-9579231c6ad7',1,'Apna Ghar Girls Hostel(Lahore)','All kind of facilities available for Girls like ac ups internet','omi.sheikh1001@yahoo.com',10000,1,1,1,'Hostel','2','03329041004',31.450112100,74.308887900,NULL,NULL,'Township, Lahore, Pakistan','Ummar Zaman',1,'Month','','',0,0,0,0,0,0,0,0,0,0,0,0,'2018-03-22 03:56:35','2018-03-22 03:56:35',0,0,0),('2d3ce9c6-a77d-4dec-a2d0-ec95ceee5902',2,'Green Gardens girls hostel','Generator Facility during load shedding .means 24 hours light available. \nGeezers for hot water in winter .\n24 hours Security Guard will be on duty .\nWashing Machine Available. Sewing Machine. \nFree High speed WiFi Internet 24 hours .\nPrinter Scanner photocopier is available. \nA vast n Huge collection of historical Books in Library .\nVery secure very peaceful Living for Only Girl Students Working Ladies.\nLuxury Bedrooms 1, 2 3 Beds , Dormitory consist of 4 5 bed. \nBeautiful Neat Clean Bathrooms with Spanish imported Sanitary with hot water.\n24 hours Boring water supply means never water shortage. \nFresh Hygienic food served on Dinning table. \nFiltered and Chilled Drinking Water by Electric Water Cooler. \nCostly Imported Tread Mill Machine is available for jogging and exercise. \nMaid is available for room cleaning .\nExtra kitchen for Tea making ,Coffee Making , Fresh Juice. \nTwo windy Bedrooms on Top floor with big Terrace south open for sitting enjoying your Studies. \nTwo large Beautiful Green Gardens with flowers for sitting Walking in the Evening. \nTransport Facility Pick n Drop is available by paying extra charges to the door steps of universities. \nIf u have your own car then parking is available inside the gate. \nAn Experienced Lady Administrator as well as warden is available.','agha.hakeem@yahoo.com',12000,1,1,1,'Hostel','2','03341001838',33.729388200,73.093146100,NULL,NULL,'Islamabad, Pakistan','Hostel Owner',0,'Month','','',0,0,0,0,0,0,0,0,0,0,0,0,'2018-03-22 03:56:36','2018-03-22 03:56:36',0,0,0),('203c3b81-ae91-4737-acbe-4deddbd5414b',3,'Boys hostel:G11/2 Service Road West. Cheap price','- Two time food \n- Internet wifi \n- Laundry on demand \n- Bed matress carpet cupboards in each room','agha.hakeem@yahoo.com',6500,1,1,0,'Hostel','1','03444570922',33.671568900,72.991820800,NULL,NULL,'G-11/2, Islamabad, Pakistan','Majid',1,'Month','','',0,0,0,0,0,0,0,0,0,0,0,0,'2018-03-22 03:56:36','2018-03-22 03:56:36',0,0,0),('5ed5d9af-892c-457f-9026-3e12c9bee577',4,'Boys Hostel G-11/2','- Two time food \n- Internet wifi \n- Laundry on demand \n- Bed matress carpet cupboards in each room','agha.hakeem@yahoo.com',7500,1,1,0,'Hostel','1','03444570922',33.671568900,72.991820800,NULL,NULL,'G-11/2, Islamabad, Pakistan','Majid',1,'Month','','',0,0,0,0,0,0,0,0,0,0,0,0,'2018-03-22 03:56:36','2018-03-22 03:56:36',0,0,0),('be252a81-0c8c-4ad2-9b2b-6d7e586969bc',5,'Boys hostel G-11/2','- Two time food \n- Internet wifi \n- Laundry on demand \n- Bed matress carpet cupboards in each room','agha.hakeem@yahoo.com',8500,1,1,0,'Hostel','1','03444570922',33.671568900,72.991820800,NULL,NULL,'G-11/2, Islamabad, Pakistan','Majid',1,'Month','','',0,0,0,0,0,0,0,0,0,0,0,0,'2018-03-22 03:56:36','2018-03-22 03:56:36',0,0,0),('7fabfeb1-0a84-4374-95a2-7aa8360c63cb',6,'Boys hostel in G-11/1','Beds and mattresses in rooms.\nElectrically filtered water.\nHigh speed internet (wifi)\nFridge TV lounge\nDaily rooms cleaning. 24 hours security.','agha.hakeem@yahoo.com',9000,1,1,0,'Hostel','1','03005049492',33.663842300,72.994773000,NULL,NULL,'G-11/1, Islamabad, Pakistan','Irfan',1,'Month','','',0,0,0,0,0,0,0,0,0,0,0,0,'2018-03-22 03:56:36','2018-03-22 03:56:36',0,0,0),('d8319972-9bf5-4027-ba25-0349a9fc2992',7,'Ansar Boys Hostels:F-7/4','Well furnished VIP room whether you need separate or sharing included food. We have gyser, fast internet, TV and parking facilities as well.','agha.hakeem@yahoo.com',15000,1,1,0,'Hostel','1','03453499148',33.719959300,73.065615200,NULL,NULL,'F-7/4, Islamabad, Pakistan','Sardar',1,'Month','','',0,0,0,0,0,0,0,0,0,0,0,0,'2018-03-22 03:56:36','2018-03-22 03:56:36',0,0,0),('afa946c5-46ee-4d7d-b03a-6b543cbbaaa0',8,'Umair Girls Hostel G11-1','Shared Rooms Available for Girls (Students & Working Ladies) 2 Time Meal UPS WIFI Geyser Fridge Micro Wave Oven Water Dispenser Iron Facility Attach Baths & Cupboard Television Lounge Peace Full Environment Daily Room Cleaning Neat & Clean Atmosphere Walking Distance From G11 Markaz\n\nSecurity Rs 5000 (Refundable) Including all Electricity Gas & Utility Bills.\nNo Hidden Charges','agha.hakeem@yahoo.com',12000,1,1,0,'Hostel','2','03313331420',33.663842300,72.994773000,NULL,NULL,'G-11/1, Islamabad, Pakistan','Manager',0,'Month','','',0,0,0,0,0,0,0,0,0,0,0,0,'2018-03-22 03:56:36','2018-03-22 03:56:36',0,0,0),('138cbea3-38cc-4e17-870d-864438ce8158',9,'Cool Girls Hostel','Fully Furnished Rooms\nAttached Washrooms\nUPS\nInternet Wifi\nLaundry\n3 times Meal\nCable tv\nAll included in single package','agha.hakeem@yahoo.com',10500,1,1,0,'Hostel','2','03341004943',33.668065400,73.072993400,NULL,NULL,'I-8, Islamabad, Pakistan','Admin',1,'Month','','',0,0,0,0,0,0,0,0,0,0,0,0,'2018-03-22 03:56:36','2018-03-22 03:56:36',0,0,0),('51f7bc75-7c75-4a61-b5a7-93d081ce9ee9',10,'Girls hostel in G-6','Limited Seats available in our G6 Girls hostel. facilities include Generator, Electric cooler, R/cooler,meals 3 times a day Wifi,Utility bills. \n\nYou want something more? Tell us and we will delivery. Quality service is our top priority. G6/1-3 St 30 house 33 Directions opposite to holiday inn Islamabad hotel (melody) on saddar road heading towards Lal masjid and Lal qwater. Turn second street on left from saddar road. It s corner building.','agha.hakeem@yahoo.com',10000,1,1,0,'Hostel','2','03355965794',33.715215700,73.080719600,NULL,NULL,'G-6/1, Islamabad, Pakistan','Miss Sabahat',0,'Month','','',0,0,0,0,0,0,0,0,0,0,0,0,'2018-03-22 03:56:36','2018-03-22 03:56:36',0,0,0),('512d47a9-1b43-4def-b1e2-1b65ba6b1600',11,'Girls hostel G-9/1','Special discount available for groups. \nRent includes accommodation, all bills, cable, Wi-Fi internet, TV, Water boring, and Geyser facility. \nUPS facility available. (24hrs electricity backup) \n 24hrs Wi-Fi facility.\nAll rooms are attached with washrooms.\nDaily room cleaning.\nNew and colorful bedsheets and pillows\nMarble Flooring\nTerrace\nSelf cooking allowed\nMess facility available on demand\nEasy access to college and university transport\nNear Karachi Company and Peshawar Morr','agha.hakeem@yahoo.com',6000,1,1,0,'Hostel','2','03319811119',33.682407900,73.030196800,NULL,NULL,'G-9/1, Islamabad, Pakistan','Mrs Shahzad',1,'Month','','',0,0,0,0,0,0,0,0,0,0,0,0,'2018-03-22 03:56:36','2018-03-22 03:56:36',0,0,0),('62045acc-7861-4539-b43c-795b25077eb0',12,'Girls Hostel near F-6/2','Sharing Rooms 15000. and Girls Hostel One bed 14000 with Electricity, Internet, Food, laundry Pick & Drop for Blue area, sector F-8, F-7,F-8, 2 kanal house with lawn and garden.','agha.hakeem@yahoo.com',14000,1,1,0,'Hostel','2','03235305304',33.731228000,73.068566500,NULL,NULL,'F-6/2, Islamabad, Pakistan','Rashida',1,'Month','','',0,0,0,0,0,0,0,0,0,0,0,0,'2018-03-22 03:56:36','2018-03-22 03:56:36',0,0,0),('0d7e03ab-cb55-4d24-92ea-4977dc681abf',13,'Officers Hostel Islamabad','Fully furnished & carpeted room with attached bath \nFood and Dining facilities (Three Times)\nInternet 4MB Speed, WiFi and LAN Card wiring in each room\nTelevision / LEDs and cable are available in each room\nRooms are available on weekly basis\nWe provide Car parking, Laundry and Room cooler for each room.','agha.hakeem@yahoo.com',7000,1,1,0,'Hostel','1','03345478628',33.653151600,73.053809700,NULL,NULL,'I-9/1, Islamabad, Pakistan','Manager',1,'Month','','',0,0,0,0,0,0,0,0,0,0,0,0,'2018-03-22 03:56:36','2018-03-22 03:56:36',0,0,0),('ffbb25e2-b1ee-4e82-a15d-be6bc7d98c35',14,'Girls Hostel Feel at home','Female Hostel with clean and homely environment best for students and on working women - all facilities including electricity backup + 3 times meal + Wi-Fi. Located in commercial market Rawalpindi, and on walking distance from Metro Bus station','agha.hakeem@yahoo.com',8500,1,1,0,'Hostel','2','03062678550',33.635478000,73.072993400,NULL,NULL,'Satellite Town, Rawalpindi, Pakistan','Manager',1,'Month','','',0,0,0,0,0,0,0,0,0,0,0,0,'2018-03-22 03:56:36','2018-03-22 03:56:36',0,0,0),('1ebd8061-4d00-4ad9-a4d8-a8f8227d2833',15,'The Boys Hostel G-9/1','Fully furnished/carpeted room(mattress, table, cupboard) with attached bath, heigh speed Internet (WiFi), unlimited laundry, good quality meal, car and bike parking, Ac and room cooler facility, friendly environment, easy approach to Peshawar mor and Karachi company.','agha.hakeem@yahoo.com',7500,1,1,0,'Hostel','1','03037418253',33.682407900,73.030196800,NULL,NULL,'G-9/1, Islamabad, Pakistan','Hamid',1,'Month','','',0,0,0,0,0,0,0,0,0,0,0,0,'2018-03-22 03:56:36','2018-03-22 03:56:36',0,0,0),('1f014a72-4a98-4c1a-a009-5911c60e1491',16,'GIRLS Hostel for SKMCH Doctors & UCP, UMT Students','Hostel is very much secure & affordable for all categories.\nAir Conditioned Bedrooms with attached baths. TV Lounge, Separate Kitchen, Fridge, WIFI UPS AND Room Services.\nAll Famous Food Chains, Restaurants, Bakers, Shopping Malls. All Ladies Brands shops are at the walking Distance from the Hostel.\nGeyser.\nHomely cooked food.\nFor female students and working women, especially doctors and staff of Shuakat Khanum Hospital','agha.hakeem@yahoo.com',9000,1,1,0,'Hostel','2','03248436957',31.476672400,74.301435600,NULL,NULL,'Maulana Shaukat Ali Road, Lahore, Pakistan','Mrs Quershi',0,'Month','','',0,0,0,0,0,0,0,0,0,0,0,0,'2018-03-22 03:56:36','2018-03-22 03:56:36',0,0,0),('15563df8-4d2f-44cb-b6a1-10aa83c1d7f0',17,'Beds for executive girls','For Executive living Rooms available in Girls Hostel full furnished Ac room with attach bath. Hostel is near Ganga Ram Hospital at Queens Road. Rent per bed Rs 7000, includes all Utility Bills, Geysar, high speed Internet WiFi. UPS facility available','agha.hakeem@yahoo.com',7000,1,1,0,'Hostel','2','03364206639',31.554258400,74.320231600,NULL,NULL,'Queen\'s Road, Lahore 54000, Pakistan','Manager',1,'Month','','',0,0,0,0,0,0,0,0,0,0,0,0,'2018-03-22 03:56:36','2018-03-22 03:56:36',0,0,0),('d78985dd-b815-487b-a056-19de2a0972a4',18,'Continantal girls hostel','- Internet\n- Generator\n- Water cooler\n- 3 Times Mess\n- Common Fridge\n- Extra Metras','agha.hakeem@yahoo.com',9000,1,1,0,'Hostel','2','03218067205',31.554606100,74.357158100,NULL,NULL,'Lahore, Pakistan','Adnan Farooq',1,'Month','','',0,0,0,0,0,0,0,0,0,0,0,0,'2018-03-22 03:56:36','2018-03-22 03:56:36',0,0,0),('0c7ae301-d5c2-4d5c-b66f-fd7531f73f5d',19,'Malik Boys hostel','- Neat and clean rooms.\n- Chef made food\n- Breakfast And Dinner. \n- Ac none AC Rooms\n- Hot and cold water\n- Ups\n- Car parking','agha.hakeem@yahoo.com',10000,1,1,0,'Hostel','1','03334249977',31.554606100,74.357158100,NULL,NULL,'Lahore, Pakistan','Salman Malik',1,'Month','','',0,0,0,0,0,0,0,0,0,0,0,0,'2018-03-22 03:56:36','2018-03-22 03:56:36',0,0,0),('9eaed047-195e-407a-b65b-02e0a1e5cdf0',20,'Girls Hostel on Saidpur Road','Cool and hot filtered water\nVery fast PTCL broadband internet WiFi \nCable TV \nCCTV Camera \nPublic transport available 24hrs\n24 hours Electricity \nCentral location close to all major colleges Universities and institutions. \nLaundry on demand and much more. \n\nWelcome to working ladies and students. we have facility to stay on daily or weekly basis just in Rs 400 per day per head the above fees will included daily usage electricity, water and gas charges remember seats are available on first come first serve basis. very good environment like home first visit us then decide to accommodate according to your own desire. dont miss to avail this opportunity to accommodate in excellent environment like home.','agha.hakeem@yahoo.com',7000,1,1,0,'Hostel','2','03008512485',33.622919300,73.061774200,NULL,NULL,'Saidpur Rd, Rawalpindi 46000, Pakistan','Ayesha Tauqeer',1,'Month','','',0,0,0,0,0,0,0,0,0,0,0,0,'2018-03-22 03:56:36','2018-03-22 03:56:36',0,0,0),('5029f01b-215f-449f-89ed-7d8db5afd68c',21,'Insaf Boys Hostel','Saidpur Road near Caltex petrol pump, Siddiqui Chowk.\n\nNew Setup New Building Food Wifi Laundry Filtered Water Cctvs Security System 24 Hours Light(generator) Peaceful Environment Walking Distance To Siddqui Chowk Pindora Commercial Market 6th Road I-9 Kips Academy Punjab Law College Punjab Commerce College Rawalpindi College Of Commerce J-tele Marketing.','agha.hakeem@yahoo.com',6500,1,0,0,'Hostel','1','03317211273',33.622919300,73.061774200,NULL,NULL,'Saidpur Rd, Rawalpindi 46000, Pakistan','Shabbir',1,'Month','','',0,0,0,0,0,0,0,0,0,0,0,0,'2018-03-22 03:56:36','2018-03-22 03:56:36',0,0,0),('dd676477-a92e-4f8d-af55-217535249ffd',22,'Girls Hostel: Per day stay for girls for rs. 400','Cool and hot filtered water\nVery fast PTCL broadband internet WiFi \nCable TV \nCCTV Camera \nPublic transport available 24hrs\n24 hours Electricity \nCentral location close to all major colleges Universities and institutions. \nLaundry on demand and much more. \n\nWelcome to working ladies and students. we have facility to stay on daily or weekly basis just in Rs 400 per day per head the above fees will included daily usage electricity, water and gas charges remember seats are available on first come first serve basis. very good environment like home first visit us then decide to accommodate according to your own desire. dont miss to avail this opportunity to accommodate in excellent environment like home.','agha.hakeem@yahoo.com',400,1,1,0,'Hostel','2','03008512485',33.622919300,73.061774200,NULL,NULL,'Saidpur Rd, Rawalpindi 46000, Pakistan','Ayesha Touqeer',1,'Day','','',0,0,0,0,0,0,0,0,0,0,0,0,'2018-03-22 03:56:36','2018-03-22 03:56:36',0,0,0),('9b40621a-a92e-42e5-b6a5-2e7ec99f8819',23,'Girls hostel: 6th Road','1 bed 2 bed 3 bed Girls hostel at 6th road satellite town rawalpindi is at outstanding location and very comfortable and peaceful environment. \n\nSpecial discount for groups. \n\nFully furnished rooms with attached and common bath rooms Only ten minutes walking distance to commercial market Near to metro bus Stop Post graduate college for women Kips academy Rawalpindi law college Rawalpindi commerce college Also very near to saidpur road In the middle of rwp and islamabad\n\nFacilities\n- Extra mattresses\n- 3 times healthy meal. \n- Very fast PTCL broadband internet (WiFi) Cable TV Hot n cold water facilities\n- Public transport available 24hrs. \n- Central location close to all major colleges Universities and institutions. \n- Very secure and peaceful feel like home. \n- Qualified and cooperative management.','agha.hakeem@yahoo.com',6000,1,1,0,'Hostel','2','03129256250',33.642762800,73.070754600,NULL,NULL,'6th Rd, Rawalpindi, Pakistan','Mrs Bilal',1,'Month','','',0,0,0,0,0,0,0,0,0,0,0,0,'2018-03-22 03:56:36','2018-03-22 03:56:36',0,0,0),('399208e8-69b0-4078-a715-c34688888433',24,'Boys Hostel in G-13, Islamabad','Fully Furnished, all facilities available. Hostel rooms where one room is shared between 3-4 people.\nLaundry\nGeyser\nWifi\n\nIn G-13, Islamabad.','agha.hakeem@yahoo.com',12000,1,0,1,'Hostel','1','03075121614',33.649963400,72.963772800,NULL,NULL,'G-13, Islamabad, Pakistan','United Boys Hostel',1,'Month','','',0,0,0,0,0,0,0,0,0,0,0,0,'2018-03-22 03:56:36','2018-03-22 03:56:36',0,0,0),('20544a56-2de1-42f9-a82b-2f467e8005b6',25,'Girls Hostel in Abbbotabad','7000 per bed, including mess\nLaundry & Wifi available on demand.\n\nVisit us anytime for review before deciding to settle in. JINNAH GIRLS HOSTEL','agha.hakeem@yahoo.com',7000,1,0,0,'Hostel','2','03449460841',34.168750200,73.221498200,NULL,NULL,'Abbottabad, Pakistan','JINNAH GIRLS HOSTEL',1,'Month','','',0,0,0,0,0,0,0,0,0,0,0,0,'2018-03-22 03:56:36','2018-03-22 03:56:36',0,0,0),('45a0a070-6aa5-47c7-bc21-59fc6e682150',26,'Girls Hostel in Multan','Per seater 4000 rupees. Will be shared between 3 girls.\n\nIf you want full room, then the charges will be 12000 rupees.\n\nWifi, fan & light charges covered within the fees. FATIMA JINNAH GIRLS HOSTEL','agha.hakeem@yahoo.com',4000,1,0,1,'Hostel','2','03054708920',30.198380700,71.468702800,NULL,NULL,'Multan, Pakistan','FATIMA JINNAH GIRLS HOSTEL',0,'Month','','',0,0,0,0,0,0,0,0,0,0,0,0,'2018-03-22 03:56:36','2018-03-22 03:56:36',0,0,0),('ea6425d7-8120-4048-889c-392918d9a342',27,'Boys hostel','2 Bed room - 7000 Rs per head.\n\n3 or 4 bed room - 62000 Rs per head.\n\n3 time meal, laundry & internet all covered in the fees. No extra charges!\n\nAttached bathroom! MUBASHIR HOSTEL','agha.hakeem@yahoo.com',7000,1,0,1,'Hostel','1','03215085880',33.599050200,73.062407700,NULL,NULL,'Murree Rd, Rawalpindi 46000, Pakistan','MUBASHIR HOSTEL',1,'Month','','',0,0,0,0,0,0,0,0,0,0,0,0,'2018-03-22 03:56:36','2018-03-22 03:56:36',0,0,0),('5c67480e-cc28-4942-aeee-b49945da8411',28,'Latif Boys Hostel Bara Kahu Islamabad','3 Seater 8000. \n4 Seater 7500 per person. \nIncluding 2 times meal, laundry, High speed Wifi and Hot Water! \nSpecial for QAU Islamabad, PIDE Islamabad, Islamabad Dental College, Punjab Group of Colleges, Satra Mel Barakahu, Islamabad Students and other Job holders','agha.hakeem@yahoo.com',8000,1,0,1,'Hostel','1','03337532039',33.706814500,73.086977200,NULL,NULL,'Barakahu, Islamabad, Pakistan','Owner',1,'Month','','',0,0,0,0,0,0,0,0,0,0,0,0,'2018-03-22 03:56:36','2018-03-22 03:56:36',0,0,0),('89b690c0-2ab7-4172-931d-022b3c06ac5f',29,'Boys Hostel in Rehmanabad','5 seater. 3 time meal, internet, laundry, security camera, mineral water! PUNJAB BOYS HOSTEL','agha.hakeem@yahoo.com',6500,1,0,0,'Hostel','1','03347074045',33.646806600,73.078779000,NULL,NULL,'Murree Rd, Rawalpindi, Pakistan','PUNJAB BOYS HOSTEL',1,'Month','','',0,0,0,0,0,0,0,0,0,0,0,0,'2018-03-22 03:56:36','2018-03-22 03:56:36',0,0,0),('2b562696-4128-42f0-a9ba-22290db1881e',30,'Boys Hostel in I-9 Islamabad','3 seater. 3 time mess. internet, laundry, security camera, mineral water. Punjab Boys Hostel','agha.hakeem@yahoo.com',9500,1,0,0,'Hostel','1','03347074045',33.660147300,73.055285400,NULL,NULL,'I-9, Islamabad, Pakistan','Punjab Boys Hostel',1,'Month','','',0,0,0,0,0,0,0,0,0,0,0,0,'2018-03-22 03:56:36','2018-03-22 03:56:36',0,0,0),('f9943a5d-337c-49f2-a179-dfd926698f51',31,'Boys Hostel in I-9, 2 seater','2 Seater. 3 time mess, internet, laundry, security camera, mineral water. Punjab Boys Hostel','agha.hakeem@yahoo.com',12000,1,0,0,'Hostel','1','03347074045',33.660147300,73.055285400,NULL,NULL,'I-9, Islamabad, Pakistan','Punjab Boys Hostel',1,'Month','','',0,0,0,0,0,0,0,0,0,0,0,0,'2018-03-22 03:56:36','2018-03-22 03:56:36',0,0,0),('44c18363-0251-4a28-bb6a-174a5c2e7a22',32,'Luxury Hostel in F-8/2','14000 Rs per head --> 5 people sharing single room. 15000 Rs per head --> 4 people sharing one room. 16000 Rs per head --> 3 people sharing one room. Laundry, Meals, Internet, Security, New mattresses, new bed sheets. Everything covered within the rent. LIVE WITH STYLE HOSTEL','agha.hakeem@yahoo.com',14000,1,0,1,'Hostel','1','03235005653',33.713459100,73.033886500,NULL,NULL,'F-8/2, Islamabad, Pakistan','Live With Style Hostel',1,'Month','','',0,0,0,0,0,0,0,0,0,0,0,0,'2018-03-22 03:56:36','2018-03-22 03:56:36',0,0,0),('82d15c11-466f-48a8-9439-69c1f090ab3c',33,'Boys Hostel in G-11/1','2 Seater room, per head 9000 & 10000 Rupees per head. 5 Seater 8000 rupees per head. Fully furnished rooms, bills, UPS, Wifi, Daily room cleaning all covered in the rent. Parking is adjacent to the building! Attached Bathrooms! Umair Boys Hostel','agha.hakeem@yahoo.com',9000,1,0,0,'Hostel','1','03313331420',33.663842300,72.994773000,NULL,NULL,'G-11/1, Islamabad, Pakistan','Umair Boys Hostel',1,'Month','','',0,0,0,0,0,0,0,0,0,0,0,0,'2018-03-22 03:56:36','2018-03-22 03:56:36',0,0,0),('79b518d5-274b-49ed-a715-de2f47e98004',34,'Boys hostel in I-8','4 Seater. 3 Time Meal, UPS, Laundry, Wifi all covered within rent. SHALIMAR HOSTEL','agha.hakeem@yahoo.com',11000,1,0,0,'Hostel','1','03328902307',33.668065400,73.072993400,NULL,NULL,'I-8, Islamabad, Pakistan','Shalimar Hostel',1,'Month','','',0,0,0,0,0,0,0,0,0,0,0,0,'2018-03-22 03:56:36','2018-03-22 03:56:36',0,0,0),('23c2e772-7eb7-46f4-bd79-f213b8df14f5',35,'Haidri Chowk Rawalpindi: Boys Hostel','2 Seater -> 8000 Rs per head, 3 seater 7000 Rs per head, 4 seater 6500 Rs per head. 3 time meal, internet, laundry, UPS, CCTV Cameras. Geo Kashmir Boys Hostel','agha.hakeem@yahoo.com',8000,1,0,0,'Hostel','1','03005005090',33.622919300,73.061774200,NULL,NULL,'Saidpur Rd, Rawalpindi 46000, Pakistan','Geo Kashmir Boys Hostel',1,'Month','','',0,0,0,0,0,0,0,0,0,0,0,0,'2018-03-22 03:56:36','2018-03-22 03:56:36',0,0,0),('a760f206-7414-49ae-9c70-8c3e4a051183',36,'Boys Hostel on 6th Road','4 seater -> 7000 per head! 3 time meal, Weekly 2 time laundry, UPS, Wifi. Abbasi Boys Hostel','agha.hakeem@yahoo.com',7000,1,0,0,'Hostel','1','03025199939',33.642762800,73.070754600,NULL,NULL,'6th Rd, Rawalpindi, Pakistan','Abbasi Boys Hostel',1,'Month','','',0,0,0,0,0,0,0,0,0,0,0,0,'2018-03-22 03:56:36','2018-03-22 03:56:36',0,0,0),('02a56d4b-1df4-4ade-b859-da9402655c4c',37,'Boys Hostel In Commercial Market Rwp','9500 rupees per head for 2 seater, 8500 rupees per head for 3 seater. Geyser, 3 time meal, UPS, laundry. All facilities available! Superior Boys Hostel','agha.hakeem@yahoo.com',9500,1,0,1,'Hostel','1','03225269194',33.634509300,73.071405800,NULL,NULL,'Choti Market Rd, Rawalpindi, Pakistan','Superior Boys Hostel',1,'Month','','',0,0,0,0,0,0,0,0,0,0,0,0,'2018-03-22 03:56:36','2018-03-22 03:56:36',0,0,0),('cbf19dcc-edce-4775-af84-fd157af07b5c',38,'Hostel near Holy Family Stop','2 seater room 8000 Rs per head, 3 seater room 7000 Rs per head, 4-5 seater room 6500 Rs per head. 3 time meal, laundry, internet, cold & hot water. Guardian Boys Hostel','agha.hakeem@yahoo.com',8000,1,0,1,'Hostel','1','03215352517',33.622919300,73.061774200,NULL,NULL,'Saidpur Rd, Rawalpindi 46000, Pakistan','Guardian Boys Hostel',1,'Month','','',0,0,0,0,0,0,0,0,0,0,0,0,'2018-03-22 03:56:36','2018-03-22 03:56:36',0,0,0),('07c65552-fe32-4e78-ba9b-a04c55b7a372',39,'G-11/1 Hostel','2-3 Seater charges --> 9500 per head. Bachelor\'s Inn','agha.hakeem@yahoo.com',9500,1,0,0,'Hostel','1','03355807555',33.663842300,72.994773000,NULL,NULL,'G-11/1, Islamabad, Pakistan','Bachelors Inn',1,'Month','','',0,0,0,0,0,0,0,0,0,0,0,0,'2018-03-22 03:56:36','2018-03-22 03:56:36',0,0,0),('c96758df-e4f1-423d-81db-fd61742420bc',40,'Boys Hostel on 7th Road','2 seater - 9000 Rs per head\n3 seater - 8000 Rs per head. 3 time meal, laundry, UPS, Wifi. Grace Boys Hostel','agha.hakeem@yahoo.com',9000,1,0,0,'Hostel','1','03225210300',33.643656600,73.069117400,NULL,NULL,'7th Rd, Rawalpindi, Pakistan','Grace Boys Hostel',1,'Month','','',0,0,0,0,0,0,0,0,0,0,0,0,'2018-03-22 03:56:36','2018-03-22 03:56:36',0,0,0),('bbaa7958-fc01-47ec-abf2-2752f9eac607',41,'Girls Hostel near 6th Road','2 seater room for 8500 Rs per head. Meals, utility bills, wifi. Anchor Girls Hostel','agha.hakeem@yahoo.com',8500,1,0,0,'Hostel','2','03215793354',33.642762800,73.070754600,NULL,NULL,'6th Rd, Rawalpindi, Pakistan','Anchor Girls Hostel',1,'Month','','',0,0,0,0,0,0,0,0,0,0,0,0,'2018-03-22 03:56:36','2018-03-22 03:56:36',0,0,0),('913037bc-739d-4006-9b92-b99b9f3e1f66',42,'Boys Hostel near Siddique Chowk Rwp','2 seater room for Rs 8000 per head, 3 seater room for Rs 7000 per head, 4 seater room for Rs 6500 per head. Mess, internet, laundry. Hot & Cold water.','agha.hakeem@yahoo.com',8000,1,0,0,'Hostel','1','03455359075',33.622919300,73.061774200,NULL,NULL,'Saidpur Rd, Rawalpindi 46000, Pakistan','Islamabad hostel for boys',1,'Month','','',0,0,0,0,0,0,0,0,0,0,0,0,'2018-03-22 03:56:36','2018-03-22 03:56:36',0,0,0),('76c63767-0379-4254-9afe-afc1809b0c49',43,'Boys Hostel on 6th Road 4 seater','Rs 7000 per head for 4 seater room. 3 time meal, 2 time laundry, UPS, Wifi. Abbasi Boys Hostel. Hostel on 6th Road Rawalpindi','agha.hakeem@yahoo.com',7000,1,0,0,'Hostel','1','03025199939',33.642762800,73.070754600,NULL,NULL,'6th Rd, Rawalpindi, Pakistan','Abbasi Boys Hostel',1,'Month','','',0,0,0,0,0,0,0,0,0,0,0,0,'2018-03-22 03:56:36','2018-03-22 03:56:36',0,0,0),('3ea2712b-f2ab-40c9-beff-4be1cd0ba0b8',44,'Boys Hostel 2, 3, 4 Seater: 6th Road','2 seater room for Rs 9000 per head,3 seater for Rs 8000,4 seater for Rs 7500. 3 time meal, laundry, internet, parking available. Hostel on 6th road Rawalpindi! Continental Boys Hostel','agha.hakeem@yahoo.com',9000,1,0,0,'Hostel','1','03015174547',33.642762800,73.070754600,NULL,NULL,'6th Rd, Rawalpindi, Pakistan','Continental Boys Hostel',1,'Month','','',0,0,0,0,0,0,0,0,0,0,0,0,'2018-03-22 03:56:36','2018-03-22 03:56:36',0,0,0),('788be05b-b904-42aa-9b6d-b2de9f8979bf',45,'Hostel on 7th Road Rawalpindi for Boys: 2 seater','2 seater room for Rs 10000 per head. Rs 2000 security(refundable), Rs 500 admission fee(non-refundable). UPS, 3 times meal, laundry, internet, parking available! Chadhary Boys Hostel. Hostel rooms in Rawalpindi','agha.hakeem@yahoo.com',10000,1,0,1,'Hostel','1','03005272245',33.643656600,73.069117400,NULL,NULL,'7th Rd, Rawalpindi, Pakistan','Chadhary Boys Hostel',1,'Month','','',0,0,0,0,0,0,0,0,0,0,0,0,'2018-03-22 03:56:36','2018-03-22 03:56:36',0,0,0),('33ad6259-32ac-4a64-adde-ed81a8ee4688',46,'Boys Hostel in I-9 Markaz Islamabad','3-4 seater rooms available for Rs 6500 per head. 3 time meal, laundry, internet. Cosmic Boys Hostel. I-9 Markaz Islamabad','agha.hakeem@yahoo.com',6500,1,0,0,'Hostel','1','03315639543',33.656661300,73.055838800,NULL,NULL,'I-9 Markaz, Islamabad, Pakistan','Cosmic Boys Hostel',1,'Month','','',0,0,0,0,0,0,0,0,0,0,0,0,'2018-03-22 03:56:36','2018-03-22 03:56:36',0,0,0),('c50a0ca8-45ce-4a4b-8e18-d96c1ea9e622',47,'Soan Gardens Boys Hostel','Rs 8000 per head for 3 seater room, Rs 10000 for whole room for only one person. 1, 2, 3, 4 seater rooms are also available. 3 time meal, Laundry Machine available, Internet, Extensive Parking, Filtered water, UPS, Daily free cleaning. Youth Boys Hostel, Street No 5, Soan Gardens, Islamabad Capital Territory, Pakistan','agha.hakeem@yahoo.com',8000,1,0,1,'Hostel','1','03331550551',33.564360100,73.157087600,NULL,NULL,'Soan Gardens, Pakistan','Youth Boys Hostel',1,'Month','','',0,0,0,0,0,0,0,0,0,0,0,0,'2018-03-22 03:56:36','2018-03-22 03:56:36',0,0,0),('d5b1a635-ee0a-4f4c-b076-30b6b9fdfb87',48,'Girls hostel in Soan Gardens, 2 & 3 seater rooms available','2 seater room for Rs 13000 per head, 3 seater room for Rs 12000 per head. 3 time meal, internet. Aasma Girls Hostel','agha.hakeem@yahoo.com',13000,1,0,0,'Hostel','2','03215208374',33.564360100,73.157087600,NULL,NULL,'Soan Gardens, Pakistan','Aasma Girls Hostel',1,'Month','','',0,0,0,0,0,0,0,0,0,0,0,0,'2018-03-22 03:56:36','2018-03-22 03:56:36',0,0,0),('6a549278-b625-4b97-aa30-eb7a0b2f9d69',49,'Boys Hostel in Committee Chowk: 3 seater available','Rs 6000 for 3 seater room. 3 Time Meal, Laundry facility, Internet available. Dhok Khabba Rd, Committee Chowk, Committee Mohalla, Rawalpindi 46500, Pakistan.\nDaim Boys Hostel.','agha.hakeem@yahoo.com',6000,1,0,0,'Hostel','1','03009187492',33.599050200,73.062407700,NULL,NULL,'Murree Rd, Rawalpindi 46000, Pakistan','Daim Boys Hostel',1,'Month','','',0,0,0,0,0,0,0,0,0,0,0,0,'2018-03-22 03:56:36','2018-03-22 03:56:36',0,0,0),('42c21d8f-888a-4430-9e81-505133cba737',50,'H-13 Hostel For Girls: 3 seater room available','Rs 10000 per head for 3 seater room. 3 Time Meal will be provided, Internet 24 hours, parking available! Rabia Girls hostel, H-13 Islamabad!','agha.hakeem@yahoo.com',10000,1,0,1,'Hostel','2','03335118098',33.640047000,72.969233800,NULL,NULL,'Khayam Town Rd, Islamabad, Pakistan','Rabia Girls hostel',0,'Month','','',0,0,0,0,0,0,0,0,0,0,0,0,'2018-03-22 03:56:36','2018-03-22 03:56:36',0,0,0),('d7d92f65-1d8f-4f1c-8cc3-152e86f83b6b',51,'Boys Hostel Near Comsats University Islamabad','Fees: \nThree seater room: 7500 per head.\nTwo seater room: 9000 per head.\n\nFacilities available: \nLike; 3 times meal(break fast, launch, dinner+green tea). hostel own private laundry(24/7), Internet, Generator, hot water and Cold Water, filtered water (for drinking purpose only).\nHostel has own private Electrician, Plumber, Sweeper. \nNeat,clean, secure, peaceful,and friendly environment. \nLocated at 10 minute walking distance from Comsats university, Pak Turk school, Grafton College, and 2 minutes walking distance from main Road( Park road) and 1 minute walking distance to Market.\n\nTo find the Reality in above all mentioned statements..we believe and suggest you to give it a try, Visit, Check , Examine and Compare then decide about your accommodation. We Promise, Challenge and Confident enough to say,that you won\'t find better place then ELMA BOYS HOSTEL.','agha.hakeem@yahoo.com',7500,1,0,1,'Hostel','1','03365273618',33.670652200,73.154653200,NULL,NULL,'prince street Park Rd, Chatta Bakhtawar, Pakistan','Elma Boys Hostel',1,'Month','','',0,0,0,0,0,0,0,0,0,0,0,0,'2018-03-22 03:56:36','2018-03-22 03:56:36',0,0,0),('56ced3b7-2c90-4d01-9189-bfe07e751d5d',52,'G-12: Hostel for Boys. 3 and 4 seater rooms','3 seater room for Rs 12000 per head. 4 seater room for Rs 10000 per head!\n\nExecutive Hostel is offering Luxury residence.\nNewly Constructed Building with comfortable beds and separate wardrobe.\nLaundry, Tv Lounge, Energy backup with Generator, Car and Bike parking.\nCo-operative Staff.\nEasy access to NUST, IIUI, Fast, Iqra University and Numl.\n\nAl Khalid Boys Hostel.\nAhmed Square Service Road East, G-12/1 Opposite G13/4 Old Kashmir Highway, Islamabad, Pakistan','agha.hakeem@yahoo.com',12000,1,0,1,'Hostel','1','03348707141',33.712242600,73.066363500,NULL,NULL,'G 12, Islamabad, Pakistan','Al Khalid Boys Hostel',1,'Month','','',0,0,0,0,0,0,0,0,0,0,0,0,'2018-03-22 03:56:36','2018-03-22 03:56:36',0,0,0),('3ac37f11-6e36-4070-aed2-44e6a93197c3',53,'Boys Hostel in I-9: 4 seater room available','4 seater for Rs 8500 per head. 3 time meal, UPS, Internet available. CCF Boys Hostel I-9 Islamabad','agha.hakeem@yahoo.com',8500,1,0,0,'Hostel','1','03457363120',33.660147300,73.055285400,NULL,NULL,'I-9, Islamabad, Pakistan','CCF Boys Hostel',1,'Month','','',0,0,0,0,0,0,0,0,0,0,0,0,'2018-03-22 03:56:36','2018-03-22 03:56:36',0,0,0),('dfa06e86-764f-4a5f-bdab-03c71705c436',54,'Luxury Girls hostel in I-8 Islamabad. 5 Seater room available','Fully Furnished luxury hostel for girls with all imaginable facilities available, along with outdoor and indoor activities, real fun environment! Rs 13000 for 5 seater room. Mess, laundry, UPS, Wifi. Parking, all needs and activities are covered! Nau Bahar Girls Hostel I-8 Islamabad!','agha.hakeem@yahoo.com',13000,1,1,1,'Hostel','2','03175442167',33.668065400,73.072993400,NULL,NULL,'I-8, Islamabad, Pakistan','Nau Bahar Girls Hostel',1,'Month','','',0,0,0,0,0,0,0,0,0,0,0,0,'2018-03-22 03:56:36','2018-03-22 03:56:36',0,0,0),('799dabbb-d5da-4247-991c-5cdd657932f8',55,'Hostel in E-11/1. 2 seater room available','18000 Rs per head for 2 seater room. Facilities include Rooms with Attach Washrooms, Food (3 times), Free Transport Facility, Free Laundry & Room Cleaning Service, 24 hours CCTV surveillance, Parking Area!!! The Royal Lodge Hostel. Plot No.01, Street No.01, Akbari Plaza, Near Tower 10, E-11/1, Islamabad, Pakistan','agha.hakeem@yahoo.com',18000,1,0,1,'Hostel','0','03488060838',33.698188000,72.978535300,NULL,NULL,'E-11, Islamabad, Pakistan','Royal Lodge Hostel',1,'Month','','',0,0,0,0,0,0,0,0,0,0,0,0,'2018-03-22 03:56:36','2018-03-22 03:56:36',0,0,0),('d1bbfef0-0880-4e1c-973b-737229bc73dd',56,'Hostel in E-11/1. 3 seater room available','15000 Rs per head for 3 seater room. Facilities include Rooms with Attach Washrooms, Food (3 times), Free Transport Facility, Free Laundry & Room Cleaning Service, 24 hours CCTV surveillance, Parking Area!!! The Royal Lodge Hostel. Plot No.01, Street No.01, Akbari Plaza, Near Tower 10, E-11/1, Islamabad, Pakistan','agha.hakeem@yahoo.com',15000,1,0,1,'Hostel','0','03488060838',33.698188000,72.978535300,NULL,NULL,'E-11, Islamabad, Pakistan','Royal Lodge Hostel',1,'Month','','',0,0,0,0,0,0,0,0,0,0,0,0,'2018-03-22 03:56:36','2018-03-22 03:56:36',0,0,0),('d44b74e3-a825-4242-aa40-0791840b4be2',57,'Girls Hostel in I-10/2, near Islamic University. 4 seater','4 seater room for 8000 Rs per head. Facilities include 3 time meal & internet. Washing machine is available for self-laundry. SLocated in an ideal place in I-10/2, near the Islamic International University and readily available transport options like taxi and local route wagons. Sher Girls Hostel. house 667, street 10, I-10/2, Islamabad, Pakistan','agha.hakeem@yahoo.com',8000,1,0,1,'Hostel','2','03452137976',33.649830300,73.030196800,NULL,NULL,'I-10/2, Islamabad, Pakistan','Sher Girls Hostel',1,'Month','','',0,0,0,0,0,0,0,0,0,0,0,0,'2018-03-22 03:56:36','2018-03-22 03:56:36',0,0,0),('c2d5f965-1738-400f-9363-8364fd7f3c85',58,'Hostel near Shamsabad Rawalpindi: 2 & 3 seater','2 & 3 seater rooms available for Rs 7500 per head. Facilities include 3 time meal, laundry, internet, geyser! Parking is also available!\nSakoon At Lodge. Latif Plaza, Main Taxi Stand. Dhok Kala Khan, Shamsabad, Rawalpindi, Pakistan \nIf you want clean, friendly, peaceful & quiet place for residence then \"Sakoon at Hostel\" is the right answer. We provide air conditioned rooms for rent on single & shared bases at very reasonable rates. Sakoon at Hostel has its roots in both Islamabad & Rawalpindi for almost ten years.','agha.hakeem@yahoo.com',7500,1,0,1,'Hostel','0','03338544417',33.653682000,73.091437700,NULL,NULL,'Dhoke Kala Khan, Rawalpindi, Pakistan','Sakoon At Hostel',1,'Month','','',0,0,0,0,0,0,0,0,0,0,0,0,'2018-03-22 03:56:36','2018-03-22 03:56:36',0,0,0),('43dc9ca3-10ba-4c65-b9b1-1c36893ee835',59,'Hostel near COMSATS University: 3 seater','Rs 7000 per head for 3 seater room. Facilities include Internet, 3 time meal. Parking available! \nHostel City in Islamabad, near COMSATS University,Park Road, Islamabad, Pakistan\nJust 12 km from Faizabad and Aabpara...Hostel City is surrounded by a bunch of academia namely COMSATS University, Abasyn Universty, Grafton University','agha.hakeem@yahoo.com',7000,1,0,1,'Hostel','0','03410181808',33.678403500,73.140811900,NULL,NULL,'Park Rd, Islamabad, Pakistan','Hostel City',1,'Month','','',0,0,0,0,0,0,0,0,0,0,0,0,'2018-03-22 03:56:36','2018-03-22 03:56:36',0,0,0),('83cbdf4f-d408-4b80-87d0-41655003ebdf',60,'Hostel near COMSATS University: 2 seater','2 seater rooms available for Rs 9000 & 10000. Facilities include laundry, Internet, 3 time meal. Parking available! \nHostel City in Islamabad, near COMSATS University,Park Road, Islamabad, Pakistan\nJust 12 km from Faizabad and Aabpara...Hostel City is surrounded by a bunch of academia namely COMSATS University, Abasyn Universty, Grafton University','agha.hakeem@yahoo.com',9000,1,0,1,'Hostel','0','03410181808',33.678403500,73.140811900,NULL,NULL,'Park Rd, Islamabad, Pakistan','Hostel City',1,'Month','','',0,0,0,0,0,0,0,0,0,0,0,0,'2018-03-22 03:56:36','2018-03-22 03:56:36',0,0,0),('7dab0889-902b-4da0-a24d-1023a1b30cce',61,'Boys Hostel near Comsats University. 2 Seater','Rs 12000 per head for 2 seater room. Includes Mess, Laundry, Geyser. Parking available. Nafees Boys Hostel, Main Park Road Royal Avenue Near Comstats Universty, Islamabad, Pakistan. NBH is a renowned name for cleanliness, comfort and quality lifestyle. We have always believed in building and maintaining relationships with our student.','agha.hakeem@yahoo.com',12000,1,0,1,'Hostel','1','03348503040',33.678403500,73.140811900,NULL,NULL,'Park Rd, Islamabad, Pakistan','Nafees Boys Hostel',1,'Month','','',0,0,0,0,0,0,0,0,0,0,0,0,'2018-03-22 03:56:36','2018-03-22 03:56:36',0,0,0),('d7c80050-952e-41fa-aa82-dcf1770fe52a',62,'Hostel for Boys in E-11/2: 4 seater','4 seater for Rs 13000 per head! 3 time meal, back-up generator, filtered water, laundry, all covered in the rent. Parking available! \nExecutive Residence Boys Hostel. 5 PMCHS E-11/2, Islamabad, Pakistan','agha.hakeem@yahoo.com',13000,1,0,1,'Hostel','1','03124334000',33.698188000,72.978535300,NULL,NULL,'E-11, Islamabad, Pakistan','Executive Residence Hostel',1,'Month','','',0,0,0,0,0,0,0,0,0,0,0,0,'2018-03-22 03:56:36','2018-03-22 03:56:36',0,0,0),('5a6d2c17-3f76-4d98-b217-d574f01d0279',63,'Hostel in E-11. 2 Seater Room available','Rs 12000 per head for 2 seater room. Rs 16000 per head if 3 time meal is also involved!. Facilities included are laundry & internet.  Parking is also available!\nFantasy Hostel Islamabad! Khanbaba Plaza Main Double Road E11/2, Islamabad, Pakistan\n\nWe are so very proud, after almost a year of working non-stop and tirelessly, to bring you our very own first, independent backpacker hostel in a great location in Islamabad. \nFantasy Hostel. \n\nHaving worked for a large chain of hostels for almost a decade, owners Uzair Khan and Sohaib Khan. Finaly have managed to find the perfect building in a vibrant, young and creative part of Islamabad. \nThe heart of All Universities in Islamabad\n\nWhere we are all so enthusiastic and friendly and very eager to open our place up to you.\n\nWhat will you get when you stay with \"Fantasy Hostel\"?\n\nYou will receive our very best attention to make sure that you have a brilliant stay with us. We want to impress you and we want to make you feel welcome. Our rooms range from shared dorms of 2 to 3 bed dorms and our private rooms consist of single Beds. All the rooms have lockable Wardrobe, where you can store your luggage and Attach Washroom With each room. There is free wi-fi for all our guests. Led Tv In a Lounge. We will Provide best food as per your satisfaction.','agha.hakeem@yahoo.com',16000,1,0,1,'Hostel','0','03336477708',33.698188000,72.978535300,NULL,NULL,'E-11, Islamabad, Pakistan','Fantasy Hostel Islamabad',1,'Month','','',0,0,0,0,0,0,0,0,0,0,0,0,'2018-03-22 03:56:36','2018-03-22 03:56:36',0,0,0),('569b4073-0b4f-412d-8836-b220f8dd0ce9',64,'Hostel in I-10 Markaz. 2 Seater','2 seater room for 15000 rupees per head, Includes 3 Time Meal, Laundry, Internet, Attached Washroom. Parking is also available!\n\nBravesa Hostel. I-10 markaz Islamabad, Islamabad, Pakistan\nWe have a group of hostels in Islamabad. We are providing high standard facilities in our hostels. We have separate hostels for both boys and girls .We provide secure place specially for girls, high quality three time mess and a lot more. We facilitate you with the best services in cheap price as compared to other hostels.','agha.hakeem@yahoo.com',15000,1,0,1,'Hostel','0','03017146388',33.648764300,73.040712200,NULL,NULL,'I-10 Markaz, Islamabad, Pakistan','Bravesa Hostel',1,'Month','','',0,0,0,0,0,0,0,0,0,0,0,0,'2018-03-22 03:56:36','2018-03-22 03:56:36',0,0,0),('f7b9a0e0-a07e-459e-8e9e-2d0982024062',65,'Hostel in I-10 Markaz. 3 Seater','3 seater room for 12000 rupees per head, Includes 3 Time Meal, Laundry, Internet, Attached Washroom. Parking is also available!\n\nBravesa Hostel. I-10 markaz Islamabad, Islamabad, Pakistan\nWe have a group of hostels in Islamabad. We are providing high standard facilities in our hostels. We have separate hostels for both boys and girls .We provide secure place specially for girls, high quality three time mess and a lot more. We facilitate you with the best services in cheap price as compared to other hostels.','agha.hakeem@yahoo.com',12000,1,0,1,'Hostel','0','03017146388',33.648764300,73.040712200,NULL,NULL,'I-10 Markaz, Islamabad, Pakistan','Bravesa Hostel',1,'Month','','',0,0,0,0,0,0,0,0,0,0,0,0,'2018-03-22 03:56:36','2018-03-22 03:56:36',0,0,0),('721faea9-8292-46fa-bed1-a281d977c784',66,'Hostel in Rawalpindi. 3 seater','MAHARAJAH BOYS HOSTEL \nProviding you all kind of facilities \n2 ,3 seats ( well furnished ) bedrooms \nWi5 \nStand by gernator 24hrs \n3 times hygienic mess.\nParking is also available!','agha.hakeem@yahoo.com',8000,1,0,1,'Hostel','0','03345902520',33.598394000,73.044135200,NULL,NULL,'Rawalpindi, Pakistan','Maharaja Hostel',1,'Month','','',0,0,0,0,0,0,0,0,0,0,0,0,'2018-03-22 03:56:36','2018-03-22 03:56:36',0,0,0),('bc26805b-7111-42c3-8f81-758e79956ac2',67,'Girls Hostel in G-9/3. 3 seater','Rs 10500 for 3 seater room. \n\nMaheen Girls Hostel, G-9/3 Islamabad!\n\n	Facility of AC & ceiling fans\n	Fully furnished rooms with attach bath\n	Very friendly & decent environment\n	Geyser & heater facility\n	TV lounge\n	Food & dining facility\n	Hi speed Wifi\n	Green lawn\n	Car parking\n	Filtered water\n	Laundry\n	Pick & drop on demand\n	Maid\n	Security guard\n\nAccommodation is not only clean but also different from others as sufficient space with furniture assigned to that particular room is provided to every individual.\n\nOur focus remains on providing an environment that can help the girls to concentrate on Main Goal in Relaxed Mental State with enough Satisfaction to Parents/ Guardians.\n\nFood is prepared in-house according to a menu (set by girls).\n\nTransport of all major Universities/ educational Institutes passes on the road next to hostel.\nOther facilities like attached bath with Fancy Sanitary Fittings, Tiled Flooring, Warm Water, Alternate Light Arrangement and Wi-Fi are available.','agha.hakeem@yahoo.com',10500,1,1,1,'Hostel','2','03345577741',33.694096000,73.036100300,NULL,NULL,'G-9/3, Islamabad, Pakistan','Maheen Villa Hostel',1,'Month','','',0,0,0,0,0,0,0,0,0,0,0,0,'2018-03-22 03:56:36','2018-03-22 03:56:36',0,0,0),('354f2939-9dd3-41dd-b478-acea64ecdd28',68,'Askari XI Girls Hostel. 2, 4, 5& 6 seater rooms','Rs 12000 for 2 seater room. Facilities include 3 time meal, UPS, genarator, internet, washing machine. Parking available! Heaven\'s Girls Hostel. Askari 11, Rawalpindi Cantonment, Punjab, Pakistan','waqas.shah.syed@gmail.com',12000,1,0,1,'Hostel','2','03322211443',33.598594100,73.027983000,NULL,NULL,'Askari XI, Rawalpindi 46000, Pakistan','Heavens Girls Hostel',1,'Month','','',0,0,0,0,0,0,0,0,0,0,0,0,'2018-03-22 03:56:37','2018-03-22 03:56:37',0,0,0),('84d38928-71ea-4f01-aa94-b0272b1f8b1b',69,'Boys Hostel in Peshawar Mor','3 & 4 seater rooms for Rs 9000 per head with attach bathroom, Rs 8000 for standard non-attached bathroom. Facilities include Laundry, Internet, Mess. Parking is also available! Just in Boys Hostel. St # 55, H.no # 25.Peshawar morr, Islamabad, Pakistan','waqas.shah.syed@gmail.com',9000,1,0,1,'Hostel','1','03365975253',33.681737900,73.049313400,NULL,NULL,'Peshawar Mor Interchange, Islamabad, Pakistan','Just In Boys Hostel',1,'Month','','',0,0,0,0,0,0,0,0,0,0,0,0,'2018-03-22 03:56:37','2018-03-22 03:56:37',0,0,0),('4d0cf38d-1614-4e7e-a15b-96bede7fef66',70,'Boys Hostel Near CUST. 3 Seater','3 seater room for Rs 8000 per head. Includes Meal, Internet, Laundry. Parking also available! UBH Hostel. Ch Azim Town sihala Bagh near CUST, Islamabad, Pakistan','agha.hakeem@yahoo.com',8000,1,0,1,'Hostel','1','03442953605',33.544072400,73.196910800,NULL,NULL,'Sihala, Pakistan','UBH Boys Hostel',1,'Month','','',0,0,0,0,0,0,0,0,0,0,0,0,'2018-03-22 03:56:37','2018-03-22 03:56:37',0,0,0),('9dbb38cf-3643-4458-97af-58711220535f',71,'Boys Hostel in G-10/4, 2 seater','Rs 12000 per head for 2 seater room. Includes 3 time meal, Laundry, Internet. Parking is also available! Cyber Hostel, G-10/4 I T Centre, corner plot, 40 Street 38, Islamabad, Pakistan','agha.hakeem@yahoo.com',12000,1,0,1,'Hostel','1','03345153311',33.678446200,73.021341400,NULL,NULL,'G-10/4, Islamabad, Pakistan','Cyber Hostel',1,'Month','','',0,0,0,0,0,0,0,0,0,0,0,0,'2018-03-22 03:56:37','2018-03-22 03:56:37',0,0,0),('01a0f422-2c0a-4eac-b913-730a5e2192a1',72,'Boys Hostel in G-10/4, 3 seater','3 seater room costs Rs 11000 per head. Includes 3 time meal, Laundry, Internet. Parking is also available! Cyber Hostel, G-10/4 I T Centre, corner plot, 40 Street 38, Islamabad, Pakistan','agha.hakeem@yahoo.com',11000,1,0,1,'Hostel','1','03345153311',33.678446200,73.021341400,NULL,NULL,'G-10/4, Islamabad, Pakistan','Cyber Hostel',1,'Month','','',0,0,0,0,0,0,0,0,0,0,0,0,'2018-03-22 03:56:37','2018-03-22 03:56:37',0,0,0),('eed6203b-7784-4df7-9f77-d767d926d287',73,'Boys Hostel in G-8/4: 3 & 4 seater','3 & 4 seater rooms available for Rs 8000 per head. 3 time meal, Laundry, Internet, Filtered Water, CCTV cameras. Parking is also available! Shaani Boys Hostel, Sector G-8/4, street 22,plot#16,  Islamabad 44080, Pakistan','agha.hakeem@yahoo.com',8000,1,0,1,'Hostel','1','03335147947',33.697003200,73.056761100,NULL,NULL,'G-8/4, Islamabad, Pakistan','Shaani Boys Hostel',1,'Month','','',0,0,0,0,0,0,0,0,0,0,0,0,'2018-03-22 03:56:37','2018-03-22 03:56:37',0,0,0),('e5c63519-ec62-4f13-9729-4a96eeafd5b9',74,'Luxury Girls Hostel. 3 seater','3 seater room available for Rs 11500 per head. Rs 5000 security, Rs 2000 admission fee. 3 Time Meal, Laundry, Internet. Parking available! Luxury Girls Hostel in F-8/3 Islamabad','agha.hakeem@yahoo.com',11500,1,0,1,'Hostel','2','03364448889',33.716637300,73.042003600,NULL,NULL,'F-8/3, Islamabad, Pakistan','Luxury Girls Hostel',1,'Month','','',0,0,0,0,0,0,0,0,0,0,0,0,'2018-03-22 03:56:37','2018-03-22 03:56:37',0,0,0),('0159127d-302b-46e5-bec2-cb41d95ce3eb',75,'Luxury Girls Hostel. 5 seater room available','5 seater room available for Rs 11000 per head. Rs 5000 security, Rs 2000 admission fee. 3 Time Meal, Laundry, Internet. Parking available! Luxury Girls Hostel in F-8/3 Islamabad','agha.hakeem@yahoo.com',11000,1,0,1,'Hostel','2','03364448889',33.716637300,73.042003600,NULL,NULL,'F-8/3, Islamabad, Pakistan','Luxury Girls Hostel',1,'Month','','',0,0,0,0,0,0,0,0,0,0,0,0,'2018-03-22 03:56:37','2018-03-22 03:56:37',0,0,0),('ad5cd845-da97-403f-9ff1-d1c59fac301d',76,'Hostel room in F-8/3: 2 Seater','Rs 12500 per head for a 2 seater room. Includes 3 Time Meal, Internet, Laundry. Mussarrat Hostel, F-8/3 Islamabad!','agha.hakeem@yahoo.com',12500,1,0,0,'Hostel','0','03335557419',33.716637300,73.042003600,NULL,NULL,'F-8/3, Islamabad, Pakistan','Mussarrat Hostel',1,'Month','','',0,0,0,0,0,0,0,0,0,0,0,0,'2018-03-22 03:56:37','2018-03-22 03:56:37',0,0,0),('e1050544-aa16-4e78-9247-7f64b805d088',77,'Hostel room in F-8/3: 3 Seater','3 seater room for Rs 11500 per head. Includes 3 Time Meal, Internet, Laundry. Mussarrat Hostel, F-8/3 Islamabad!','agha.hakeem@yahoo.com',11500,1,0,0,'Hostel','0','03335557419',33.716637300,73.042003600,NULL,NULL,'F-8/3, Islamabad, Pakistan','Mussarrat Hostel',1,'Month','','',0,0,0,0,0,0,0,0,0,0,0,0,'2018-03-22 03:56:37','2018-03-22 03:56:37',0,0,0),('02694729-2b0c-4d9c-97e2-d1728e1a810e',78,'Hostel room in F-8/3: 4 Seater','Rs 11000 for 4 seater room. Includes 3 Time Meal, Internet, Laundry. Mussarrat Hostel, F-8/3 Islamabad!','agha.hakeem@yahoo.com',11000,1,0,0,'Hostel','0','03335557419',33.716637300,73.042003600,NULL,NULL,'F-8/3, Islamabad, Pakistan','Mussarrat Hostel',1,'Month','','',0,0,0,0,0,0,0,0,0,0,0,0,'2018-03-22 03:56:37','2018-03-22 03:56:37',0,0,0),('5cc3481b-5f74-4ad8-bd16-c66a47ca7c7a',79,'Boys Hostel in F-8/3: 4 & 5 Seater Rooms available','4 seater room for Rs 13500 per head, 5 seater room for Rs 10000 per head. Rs 2000 admission fee. Facilities include 3 time meal, laundry, internet. Parking available! Comfort Residence Hostel for Boys, F-8/3, Islamabad!','agha.hakeem@yahoo.com',13500,1,0,1,'Hostel','1','03365040002',33.716637300,73.042003600,NULL,NULL,'F-8/3, Islamabad, Pakistan','Comfort Residence Hostel',1,'Month','','',0,0,0,0,0,0,0,0,0,0,0,0,'2018-03-22 03:56:37','2018-03-22 03:56:37',0,0,0),('602484cc-5323-4ac2-91bc-91b0efa3f032',80,'Girls Hostel in F-8/1: 4 Seater','4 seater room for Rs 15000 per head. Includes 3 time meal, Laundry, Internet, Iron, Parking! Nazal Girls Hostel F-8/1 Islamabad!','agha.hakeem@yahoo.com',15000,1,0,1,'Hostel','2','03000500027',33.707665400,73.036100300,NULL,NULL,'F-8/1, Islamabad, Pakistan','Nazal Girls Hostel',1,'Month','','',0,0,0,0,0,0,0,0,0,0,0,0,'2018-03-22 03:56:37','2018-03-22 03:56:37',0,0,0),('e6e9d81f-5fec-4f0a-860b-b600f0727d33',81,'Boys Hostel in F-8/4: 4 Seater','Rs 13500 per head for 4 seater room. Facilities include laundry, Pick n Drop, Internet, 3 Time Meal. Parking! Stay Well Boys Hostel, F-8/4 islamabad, Pakistan','agha.hakeem@yahoo.com',13500,1,0,1,'Hostel','1','03331520059',33.708912000,73.044955100,NULL,NULL,'F-8/4, Islamabad, Pakistan','Stay Well Boys Hostel',1,'Month','','',0,0,0,0,0,0,0,0,0,0,0,0,'2018-03-22 03:56:37','2018-03-22 03:56:37',0,0,0),('d107e54b-8aba-411f-8859-86c13c11f97b',82,'Girls Hostel in F-8/2: 4 Seater room available','Rs 14100 per head for 4 seater room. Facilities include Internet, 3 Time Meal, Geyser, AC. Parking! Al-Nafay Girls Hostel, F-8/2 Islamabad!','agha.hakeem@yahoo.com',14100,1,0,1,'Hostel','2','03335221419',33.713459100,73.033886500,NULL,NULL,'F-8/2, Islamabad, Pakistan','Al Nafay Girls Hostel',1,'Month','','',0,0,0,0,0,0,0,0,0,0,0,0,'2018-03-22 03:56:37','2018-03-22 03:56:37',0,0,0),('20b049dc-2096-49bd-8bef-b7759054b13f',83,'Girls Hostel in G-9/2: 2 Seater','2 seater for Rs 9000 per head. Includes	3 Time Meal & Internet! Bismillah Girls Hostel, G-9/2, Islamabad, Pakistan!','agha.hakeem@yahoo.com',9000,1,0,0,'Hostel','2','03361554457',33.690134800,73.027245000,NULL,NULL,'G-9/2, Islamabad, Pakistan','Bismillah Girls Hostel',1,'Month','','',0,0,0,0,0,0,0,0,0,0,0,0,'2018-03-22 03:56:37','2018-03-22 03:56:37',0,0,0),('a09c7cbc-946f-430d-bd09-dd8e2df7b463',84,'Boys hostel in G-12: 2 seater','2 seater room for Rs 12000 per head. Includes 3 time meal, laundry, internet! Cosmo Boys Hostel G-12, Kashmir Highway, Islamabad, Pakistan.','agha.hakeem@yahoo.com',12000,1,0,0,'Hostel','1','03350947226',33.712242600,73.066363500,NULL,NULL,'G 12, Islamabad, Pakistan','Cosmo Boys Hostel',1,'Month','','',0,0,0,0,0,0,0,0,0,0,0,0,'2018-03-22 03:56:37','2018-03-22 03:56:37',0,0,0),('b6dce944-058a-43fa-b612-cc8cedcdaa3d',85,'Boys hostel in G-12: 3 seater','3 seater for Rs 10000 per head. Includes 3 time meal, laundry, internet! Cosmo Boys Hostel G-12, Kashmir Highway, Islamabad, Pakistan.','agha.hakeem@yahoo.com',10000,1,0,0,'Hostel','2','03350947226',33.712242600,73.066363500,NULL,NULL,'G 12, Islamabad, Pakistan','Cosmo Boys Hostel',1,'Month','','',0,0,0,0,0,0,0,0,0,0,0,0,'2018-03-22 03:56:37','2018-03-22 03:56:37',0,0,0),('0c67e675-f21a-4a65-b01a-4f1150a259b3',86,'Boys hostel in G-12: 4 seater','4 seater room for Rs 9000 per head. Includes 3 time meal, laundry, internet! Cosmo Boys Hostel G-12, Kashmir Highway, Islamabad, Pakistan.','agha.hakeem@yahoo.com',9000,1,0,0,'Hostel','1','03350947226',33.712242600,73.066363500,NULL,NULL,'G 12, Islamabad, Pakistan','Cosmo Boys Hostel',1,'Month','','',0,0,0,0,0,0,0,0,0,0,0,0,'2018-03-22 03:56:37','2018-03-22 03:56:37',0,0,0),('8c5c35ed-f6a1-4e17-adc3-e50a002cad6b',87,'Boys Hostel in Commercial Market: 2 seater','2 seater room for Rs 9000 per head. Includes Meal, laundry, UPS & Internet. Parking also available! Washma Center boys Hostel, COmmercial Market, Rawalpindi, Pakistan!','agha.hakeem@yahoo.com',9000,1,0,1,'Hostel','1','03215049564',33.637735900,73.069417800,NULL,NULL,'Commercial Market Rd, Rawalpindi, Pakistan','Washma Boys Hostel',1,'Month','','',0,0,0,0,0,0,0,0,0,0,0,0,'2018-03-22 03:56:37','2018-03-22 03:56:37',0,0,0),('ce4456e2-94d5-4f3b-8f69-c33330888692',88,'Boys Hostel in Commercial Market: 3 seater','3 seater room for Rs 8500 per head. Includes Meal, laundry, UPS & Internet. Parking also available! Washma Center boys Hostel, Commercial Market, Rawalpindi, Pakistan!','agha.hakeem@yahoo.com',8500,1,0,1,'Hostel','1','03215049564',33.637735900,73.069417800,NULL,NULL,'Commercial Market Rd, Rawalpindi, Pakistan','Washma Boys Hostel',1,'Month','','',0,0,0,0,0,0,0,0,0,0,0,0,'2018-03-22 03:56:37','2018-03-22 03:56:37',0,0,0),('bd1e146d-0383-4c7f-b67e-ee9f9d6ff2ce',89,'Boys Hostel in Commercial Market: 4 seater','4 seater room for Rs 8000 per head. Includes Meal, laundry, UPS & Internet. Parking also available! Washma Center boys Hostel, Commercial Market, Rawalpindi, Pakistan!','agha.hakeem@yahoo.com',8000,1,0,1,'Hostel','1','03215049564',33.637735900,73.069417800,NULL,NULL,'Commercial Market Rd, Rawalpindi, Pakistan','Washma Boys Hostel',1,'Month','','',0,0,0,0,0,0,0,0,0,0,0,0,'2018-03-22 03:56:37','2018-03-22 03:56:37',0,0,0),('9c6b3a3d-95a4-43d3-8a03-e954eb114924',90,'Hostel in Soan Gardens: 3 Seater','3 seater room available for Rs 9500 per head. Includes 2 Time Meal, Laundry, 8 MB Internet. Parking is also available! Student Zone. House # 5 , Street # 6,Block E, Soan Garden, Islamabad, Pakistan','agha.hakeem@yahoo.com',9500,1,0,1,'Hostel','0','03084500339',33.564360100,73.157087600,NULL,NULL,'Soan Gardens, Pakistan','Student Zone',1,'Month','','',0,0,0,0,0,0,0,0,0,0,0,0,'2018-03-22 03:56:37','2018-03-22 03:56:37',0,0,0),('6e2f5473-643c-449f-849c-dc100c4af86a',91,'Hostel in Soan Gardens: 4 Seater','4 seater room for Rs 9000 per head. Includes 2 Time Meal, Laundry, 8 MB Internet. Parking is also available! Student Zone. House # 5 , Street # 6,Block E, Soan Garden, Islamabad, Pakistan','agha.hakeem@yahoo.com',9000,1,0,1,'Hostel','0','03084500339',33.564360100,73.157087600,NULL,NULL,'Soan Gardens, Pakistan','Student Zone',1,'Month','','',0,0,0,0,0,0,0,0,0,0,0,0,'2018-03-22 03:56:37','2018-03-22 03:56:37',0,0,0);
/*!40000 ALTER TABLE `hostel` ENABLE KEYS */;
UNLOCK TABLES;

--
-- Dumping data for table `hostelimages`
--

LOCK TABLES `hostelimages` WRITE;
/*!40000 ALTER TABLE `hostelimages` DISABLE KEYS */;
INSERT INTO `hostelimages` VALUES (1,'36c2c388-ca06-427b-b3b0-9579231c6ad7','https://storage.googleapis.com/rentstuff-1022-photo-storage-bucket/IMG_dab055e1-8bdf-4a57-a60a-f55fdacfb1f4.jpg'),(2,'36c2c388-ca06-427b-b3b0-9579231c6ad7','https://storage.googleapis.com/rentstuff-1022-photo-storage-bucket/IMG_4c5a7460-20e6-4a92-8506-752d315187d1.jpg'),(3,'36c2c388-ca06-427b-b3b0-9579231c6ad7','https://storage.googleapis.com/rentstuff-1022-photo-storage-bucket/IMG_519dde2d-466f-4ec2-8b9a-638315783d01.jpg'),(4,'36c2c388-ca06-427b-b3b0-9579231c6ad7','https://storage.googleapis.com/rentstuff-1022-photo-storage-bucket/IMG_e80dac9e-3084-4a02-a4c4-8d5f3aaba271.jpg'),(5,'2d3ce9c6-a77d-4dec-a2d0-ec95ceee5902','https://storage.googleapis.com/rentstuff-1022-photo-storage-bucket/IMG_d9209a4c-4159-487d-a377-e7ad936a44a7.jpg'),(6,'2d3ce9c6-a77d-4dec-a2d0-ec95ceee5902','https://storage.googleapis.com/rentstuff-1022-photo-storage-bucket/IMG_78c24294-d6fe-410d-ae3d-f8abd9e8de6d.jpg'),(7,'2d3ce9c6-a77d-4dec-a2d0-ec95ceee5902','https://storage.googleapis.com/rentstuff-1022-photo-storage-bucket/IMG_4ed098fa-6593-40ab-a944-ea59832e8854.jpg'),(8,'2d3ce9c6-a77d-4dec-a2d0-ec95ceee5902','https://storage.googleapis.com/rentstuff-1022-photo-storage-bucket/IMG_806fa9a4-500a-4917-8fb3-ec3a4bbd2cd1.jpg'),(9,'2d3ce9c6-a77d-4dec-a2d0-ec95ceee5902','https://storage.googleapis.com/rentstuff-1022-photo-storage-bucket/IMG_7b84ff3d-e6ea-46f8-9c37-5311c74eeab8.jpg'),(10,'203c3b81-ae91-4737-acbe-4deddbd5414b','https://storage.googleapis.com/rentstuff-1022-photo-storage-bucket/IMG_02f2c4e2-d4f2-4328-b9ba-f1a9a92ab16b.jpg'),(11,'5ed5d9af-892c-457f-9026-3e12c9bee577','https://storage.googleapis.com/rentstuff-1022-photo-storage-bucket/IMG_786962a5-4a23-49fc-8962-1e8d30a2ec52.jpg'),(12,'be252a81-0c8c-4ad2-9b2b-6d7e586969bc','https://storage.googleapis.com/rentstuff-1022-photo-storage-bucket/IMG_fd909de9-2d7e-43ef-a77d-9fc5ead5cb8c.jpg'),(13,'7fabfeb1-0a84-4374-95a2-7aa8360c63cb','https://storage.googleapis.com/rentstuff-1022-photo-storage-bucket/IMG_272ce8c0-625b-461c-a054-1dcedb803d12.jpg'),(14,'7fabfeb1-0a84-4374-95a2-7aa8360c63cb','https://storage.googleapis.com/rentstuff-1022-photo-storage-bucket/IMG_21ddb6d8-686a-44d8-bcd4-055394893006.jpg'),(15,'7fabfeb1-0a84-4374-95a2-7aa8360c63cb','https://storage.googleapis.com/rentstuff-1022-photo-storage-bucket/IMG_c8130cad-5c9a-46c8-8817-0920dff5b305.jpg'),(16,'d8319972-9bf5-4027-ba25-0349a9fc2992','https://storage.googleapis.com/rentstuff-1022-photo-storage-bucket/IMG_27410b41-af7f-474e-b039-33309aad4418.jpg'),(17,'d8319972-9bf5-4027-ba25-0349a9fc2992','https://storage.googleapis.com/rentstuff-1022-photo-storage-bucket/IMG_eaa730b8-b7ee-4dda-bb87-599df1111c6a.jpg'),(18,'afa946c5-46ee-4d7d-b03a-6b543cbbaaa0','https://storage.googleapis.com/rentstuff-1022-photo-storage-bucket/IMG_f22adf60-3454-48f5-bbb5-60ceb0a500f9.jpg'),(19,'afa946c5-46ee-4d7d-b03a-6b543cbbaaa0','https://storage.googleapis.com/rentstuff-1022-photo-storage-bucket/IMG_aff88617-5dce-4f78-b142-171d7e0483dd.jpg'),(20,'afa946c5-46ee-4d7d-b03a-6b543cbbaaa0','https://storage.googleapis.com/rentstuff-1022-photo-storage-bucket/IMG_27f6b2b0-0a57-4c1c-91ea-3c964e815de9.jpg'),(21,'51f7bc75-7c75-4a61-b5a7-93d081ce9ee9','https://storage.googleapis.com/rentstuff-1022-photo-storage-bucket/IMG_8131a367-76d7-430a-bd53-2a937fbbc325.jpg'),(22,'512d47a9-1b43-4def-b1e2-1b65ba6b1600','https://storage.googleapis.com/rentstuff-1022-photo-storage-bucket/IMG_bb02880b-1bf9-4047-a8ba-434b65f81872.jpg'),(23,'62045acc-7861-4539-b43c-795b25077eb0','https://storage.googleapis.com/rentstuff-1022-photo-storage-bucket/IMG_2392f19b-aa4d-411a-ba8c-b236a9709654.jpg'),(24,'62045acc-7861-4539-b43c-795b25077eb0','https://storage.googleapis.com/rentstuff-1022-photo-storage-bucket/IMG_fd13ca93-3948-44bf-ae6d-8b76e0bda89f.jpg'),(25,'0d7e03ab-cb55-4d24-92ea-4977dc681abf','https://storage.googleapis.com/rentstuff-1022-photo-storage-bucket/IMG_c4cbf510-1de8-4d5b-a869-af97e4dd71e8.jpg'),(26,'0d7e03ab-cb55-4d24-92ea-4977dc681abf','https://storage.googleapis.com/rentstuff-1022-photo-storage-bucket/IMG_e54c9e3d-0d99-40b8-a82f-54edbd92f38b.jpg'),(27,'0d7e03ab-cb55-4d24-92ea-4977dc681abf','https://storage.googleapis.com/rentstuff-1022-photo-storage-bucket/IMG_5acec68d-8f75-43bd-b0a6-757722ffbd35.jpg'),(28,'0d7e03ab-cb55-4d24-92ea-4977dc681abf','https://storage.googleapis.com/rentstuff-1022-photo-storage-bucket/IMG_ebf45ba0-0622-4fc9-9a47-4022eafe7d65.jpg'),(29,'ffbb25e2-b1ee-4e82-a15d-be6bc7d98c35','https://storage.googleapis.com/rentstuff-1022-photo-storage-bucket/IMG_52143a33-47ef-4de5-ab0e-4be16ce3473f.jpg'),(30,'1f014a72-4a98-4c1a-a009-5911c60e1491','https://storage.googleapis.com/rentstuff-1022-photo-storage-bucket/IMG_36664cf9-16ce-4138-97c4-be591f789927.jpg'),(31,'1f014a72-4a98-4c1a-a009-5911c60e1491','https://storage.googleapis.com/rentstuff-1022-photo-storage-bucket/IMG_76a8d025-b09d-4f5a-a3c2-8a547aa72202.jpg'),(32,'1f014a72-4a98-4c1a-a009-5911c60e1491','https://storage.googleapis.com/rentstuff-1022-photo-storage-bucket/IMG_188d0362-3bea-4097-b25c-3054b36551e9.jpg'),(33,'1f014a72-4a98-4c1a-a009-5911c60e1491','https://storage.googleapis.com/rentstuff-1022-photo-storage-bucket/IMG_a756ce41-7310-447d-a919-6d280058e33e.jpg'),(34,'d78985dd-b815-487b-a056-19de2a0972a4','https://storage.googleapis.com/rentstuff-1022-photo-storage-bucket/IMG_b70dc8dd-e433-4188-99b3-7975a28c2d03.jpg'),(35,'0c7ae301-d5c2-4d5c-b66f-fd7531f73f5d','https://storage.googleapis.com/rentstuff-1022-photo-storage-bucket/IMG_5b3096a4-3e54-48fd-b0fa-f54ad734edb8.jpg'),(36,'0c7ae301-d5c2-4d5c-b66f-fd7531f73f5d','https://storage.googleapis.com/rentstuff-1022-photo-storage-bucket/IMG_8c70d835-f6dd-4c3f-bdf7-80a4b5b77cf5.jpg'),(37,'0c7ae301-d5c2-4d5c-b66f-fd7531f73f5d','https://storage.googleapis.com/rentstuff-1022-photo-storage-bucket/IMG_028e8e95-8a1d-4d43-b404-509dedab417e.jpg'),(38,'0c7ae301-d5c2-4d5c-b66f-fd7531f73f5d','https://storage.googleapis.com/rentstuff-1022-photo-storage-bucket/IMG_e775441f-fea0-4151-b6aa-5df9397b62aa.jpg'),(39,'399208e8-69b0-4078-a715-c34688888433','https://storage.googleapis.com/rentstuff-1022-photo-storage-bucket/IMG_06cab3a5-5c33-4c39-837d-61e3b8ccf1cf.jpg'),(40,'399208e8-69b0-4078-a715-c34688888433','https://storage.googleapis.com/rentstuff-1022-photo-storage-bucket/IMG_823ad38a-b873-4a75-ad91-dd9b9aef2191.jpg'),(41,'399208e8-69b0-4078-a715-c34688888433','https://storage.googleapis.com/rentstuff-1022-photo-storage-bucket/IMG_2222af02-befa-40a7-a9e4-0874a269ebab.jpg'),(42,'399208e8-69b0-4078-a715-c34688888433','https://storage.googleapis.com/rentstuff-1022-photo-storage-bucket/IMG_54b1976a-c9c6-4fb6-bc11-beb72e062cb6.jpg'),(43,'399208e8-69b0-4078-a715-c34688888433','https://storage.googleapis.com/rentstuff-1022-photo-storage-bucket/IMG_b2c1a96c-ade3-4ae6-a21f-9fbe02d94002.jpg'),(44,'399208e8-69b0-4078-a715-c34688888433','https://storage.googleapis.com/rentstuff-1022-photo-storage-bucket/IMG_70685737-586e-43f6-af9f-8892e59bb573.jpg'),(45,'399208e8-69b0-4078-a715-c34688888433','https://storage.googleapis.com/rentstuff-1022-photo-storage-bucket/IMG_df44a7aa-0c0d-4b9d-9d42-c83ba18b2fa3.jpg'),(46,'45a0a070-6aa5-47c7-bc21-59fc6e682150','https://storage.googleapis.com/rentstuff-1022-photo-storage-bucket/IMG_d2fd06ed-16df-4eec-ad6a-c3349e38c38b.jpg'),(47,'45a0a070-6aa5-47c7-bc21-59fc6e682150','https://storage.googleapis.com/rentstuff-1022-photo-storage-bucket/IMG_7d525786-22ea-4e77-b41d-5b9074f2db46.jpg'),(48,'45a0a070-6aa5-47c7-bc21-59fc6e682150','https://storage.googleapis.com/rentstuff-1022-photo-storage-bucket/IMG_af44a271-8c46-42a4-8815-75406df2a474.jpg'),(49,'45a0a070-6aa5-47c7-bc21-59fc6e682150','https://storage.googleapis.com/rentstuff-1022-photo-storage-bucket/IMG_78058d1d-ad93-470c-a717-40abf6658504.jpg'),(50,'5c67480e-cc28-4942-aeee-b49945da8411','https://storage.googleapis.com/rentstuff-1022-photo-storage-bucket/IMG_006c5502-2aa5-412e-9020-5fa65c2e4326.jpg'),(51,'89b690c0-2ab7-4172-931d-022b3c06ac5f','https://storage.googleapis.com/rentstuff-1022-photo-storage-bucket/IMG_bb497694-f6a7-4bb3-8846-95b6f88bda29.jpg'),(52,'89b690c0-2ab7-4172-931d-022b3c06ac5f','https://storage.googleapis.com/rentstuff-1022-photo-storage-bucket/IMG_86b149f5-367b-41b4-a936-9e9cd809b0c7.jpg'),(53,'89b690c0-2ab7-4172-931d-022b3c06ac5f','https://storage.googleapis.com/rentstuff-1022-photo-storage-bucket/IMG_1bbe5b42-0fe4-4f31-974f-c904c57b8260.jpg'),(54,'89b690c0-2ab7-4172-931d-022b3c06ac5f','https://storage.googleapis.com/rentstuff-1022-photo-storage-bucket/IMG_272c27e4-50da-4321-8e10-2db9ec4e87ba.jpg'),(55,'44c18363-0251-4a28-bb6a-174a5c2e7a22','https://storage.googleapis.com/rentstuff-1022-photo-storage-bucket/IMG_697dd06c-2d22-45a4-a3ac-b3e4c420cff6.jpg'),(56,'44c18363-0251-4a28-bb6a-174a5c2e7a22','https://storage.googleapis.com/rentstuff-1022-photo-storage-bucket/IMG_f5f95ced-169e-4960-b053-09a0617567f0.jpg'),(57,'44c18363-0251-4a28-bb6a-174a5c2e7a22','https://storage.googleapis.com/rentstuff-1022-photo-storage-bucket/IMG_116829bb-0b6c-4276-8593-6ff69ce411ed.jpg'),(58,'44c18363-0251-4a28-bb6a-174a5c2e7a22','https://storage.googleapis.com/rentstuff-1022-photo-storage-bucket/IMG_fefbf75e-ea6e-4de4-a878-367fa046e051.jpg'),(59,'44c18363-0251-4a28-bb6a-174a5c2e7a22','https://storage.googleapis.com/rentstuff-1022-photo-storage-bucket/IMG_d8c615a6-ed07-448e-a338-e30918b12830.jpg'),(60,'44c18363-0251-4a28-bb6a-174a5c2e7a22','https://storage.googleapis.com/rentstuff-1022-photo-storage-bucket/IMG_cbc1a2f5-fc5a-4db6-94d5-26a90177dabd.jpg'),(61,'44c18363-0251-4a28-bb6a-174a5c2e7a22','https://storage.googleapis.com/rentstuff-1022-photo-storage-bucket/IMG_fdbc7e4f-ac47-4941-b839-ef6759b1abcb.jpg'),(62,'44c18363-0251-4a28-bb6a-174a5c2e7a22','https://storage.googleapis.com/rentstuff-1022-photo-storage-bucket/IMG_280f1bd3-9e8a-4693-b3fe-305c3f396470.jpg'),(63,'44c18363-0251-4a28-bb6a-174a5c2e7a22','https://storage.googleapis.com/rentstuff-1022-photo-storage-bucket/IMG_00416779-81ef-4efb-b3ea-d8e64e382c29.jpg'),(64,'44c18363-0251-4a28-bb6a-174a5c2e7a22','https://storage.googleapis.com/rentstuff-1022-photo-storage-bucket/IMG_a6057f4d-b72b-4450-b4cc-23e02680a370.jpg'),(65,'44c18363-0251-4a28-bb6a-174a5c2e7a22','https://storage.googleapis.com/rentstuff-1022-photo-storage-bucket/IMG_b5b2da4c-f4d3-4061-b013-cb5453b1f3aa.jpg'),(66,'44c18363-0251-4a28-bb6a-174a5c2e7a22','https://storage.googleapis.com/rentstuff-1022-photo-storage-bucket/IMG_5d9c922a-9257-4b5d-a01d-224bce46b2b3.jpg'),(67,'44c18363-0251-4a28-bb6a-174a5c2e7a22','https://storage.googleapis.com/rentstuff-1022-photo-storage-bucket/IMG_d66bb5d9-9734-48a3-a798-4cc6f1d21864.jpg'),(68,'44c18363-0251-4a28-bb6a-174a5c2e7a22','https://storage.googleapis.com/rentstuff-1022-photo-storage-bucket/IMG_86a3a9b2-0a56-48ef-9438-baef3d20e4ba.jpg'),(69,'82d15c11-466f-48a8-9439-69c1f090ab3c','https://storage.googleapis.com/rentstuff-1022-photo-storage-bucket/IMG_a7bc4d37-f182-480c-aa26-dda50d2c886b.jpg'),(70,'82d15c11-466f-48a8-9439-69c1f090ab3c','https://storage.googleapis.com/rentstuff-1022-photo-storage-bucket/IMG_6264954a-b49a-41b9-8113-1f00b2c64491.jpg'),(71,'23c2e772-7eb7-46f4-bd79-f213b8df14f5','https://storage.googleapis.com/rentstuff-1022-photo-storage-bucket/IMG_8171b739-343d-4ae4-9eb9-a0be700c07f1.jpg'),(72,'23c2e772-7eb7-46f4-bd79-f213b8df14f5','https://storage.googleapis.com/rentstuff-1022-photo-storage-bucket/IMG_d40fb22b-7f96-4bac-8a60-1cd9d834229d.jpg'),(73,'02a56d4b-1df4-4ade-b859-da9402655c4c','https://storage.googleapis.com/rentstuff-1022-photo-storage-bucket/IMG_ebd63fab-ce05-475f-a27b-1277a42e82b8.jpg'),(74,'02a56d4b-1df4-4ade-b859-da9402655c4c','https://storage.googleapis.com/rentstuff-1022-photo-storage-bucket/IMG_c888cb7d-5f27-4348-87cd-43bc960b1f19.jpg'),(75,'02a56d4b-1df4-4ade-b859-da9402655c4c','https://storage.googleapis.com/rentstuff-1022-photo-storage-bucket/IMG_2945fce3-d809-476b-811b-9b29feb7dc63.jpg'),(76,'cbf19dcc-edce-4775-af84-fd157af07b5c','https://storage.googleapis.com/rentstuff-1022-photo-storage-bucket/IMG_d8b882b3-73bc-4901-8955-0cb06e1363ca.jpg'),(77,'cbf19dcc-edce-4775-af84-fd157af07b5c','https://storage.googleapis.com/rentstuff-1022-photo-storage-bucket/IMG_3b477799-bfdd-4aa0-8fda-5a39647af566.jpg'),(78,'cbf19dcc-edce-4775-af84-fd157af07b5c','https://storage.googleapis.com/rentstuff-1022-photo-storage-bucket/IMG_dd0daed5-e37f-4c10-a9b0-588205efabe7.jpg'),(79,'788be05b-b904-42aa-9b6d-b2de9f8979bf','https://storage.googleapis.com/rentstuff-1022-photo-storage-bucket/IMG_280507fd-4db0-4f2f-b22a-c7a92edc776e.jpg'),(80,'788be05b-b904-42aa-9b6d-b2de9f8979bf','https://storage.googleapis.com/rentstuff-1022-photo-storage-bucket/IMG_1fa51c4d-4d53-40d5-b647-f51246ed244e.jpg'),(81,'788be05b-b904-42aa-9b6d-b2de9f8979bf','https://storage.googleapis.com/rentstuff-1022-photo-storage-bucket/IMG_0ab95e44-c807-473b-9bd4-65f19ee26435.jpg'),(82,'788be05b-b904-42aa-9b6d-b2de9f8979bf','https://storage.googleapis.com/rentstuff-1022-photo-storage-bucket/IMG_628a7c25-e37a-4830-8b5b-1fa77b0b89e7.jpg'),(83,'788be05b-b904-42aa-9b6d-b2de9f8979bf','https://storage.googleapis.com/rentstuff-1022-photo-storage-bucket/IMG_32d602eb-4a5c-4684-9786-af2364c20976.jpg'),(84,'33ad6259-32ac-4a64-adde-ed81a8ee4688','https://storage.googleapis.com/rentstuff-1022-photo-storage-bucket/IMG_e7301680-ef6f-438f-a9cf-45373eb99abf.jpg'),(85,'dfa06e86-764f-4a5f-bdab-03c71705c436','https://storage.googleapis.com/rentstuff-1022-photo-storage-bucket/IMG_689ecc68-8ce1-44f0-8ede-7adfbba89807.jpg'),(86,'dfa06e86-764f-4a5f-bdab-03c71705c436','https://storage.googleapis.com/rentstuff-1022-photo-storage-bucket/IMG_1514d949-72ac-496e-9e53-4fb166a2a4b8.jpg'),(87,'dfa06e86-764f-4a5f-bdab-03c71705c436','https://storage.googleapis.com/rentstuff-1022-photo-storage-bucket/IMG_80fbd971-bffb-4fd3-a3d1-20289cc03c39.jpg'),(88,'dfa06e86-764f-4a5f-bdab-03c71705c436','https://storage.googleapis.com/rentstuff-1022-photo-storage-bucket/IMG_8d2c26cb-4615-45c9-87f6-06480f0c25d7.jpg'),(89,'dfa06e86-764f-4a5f-bdab-03c71705c436','https://storage.googleapis.com/rentstuff-1022-photo-storage-bucket/IMG_8363cdf1-78b1-4770-b859-eca0d76cde32.jpg'),(90,'dfa06e86-764f-4a5f-bdab-03c71705c436','https://storage.googleapis.com/rentstuff-1022-photo-storage-bucket/IMG_212737c8-e854-4b60-8ba4-987855000f54.jpg'),(91,'dfa06e86-764f-4a5f-bdab-03c71705c436','https://storage.googleapis.com/rentstuff-1022-photo-storage-bucket/IMG_77ee248e-8f00-4003-92a5-688e4fcb6247.jpg'),(92,'dfa06e86-764f-4a5f-bdab-03c71705c436','https://storage.googleapis.com/rentstuff-1022-photo-storage-bucket/IMG_fd60b4b8-bac5-41c1-bb3e-00321105dbf2.jpg'),(93,'dfa06e86-764f-4a5f-bdab-03c71705c436','https://storage.googleapis.com/rentstuff-1022-photo-storage-bucket/IMG_b0ed3603-44a5-4c90-9382-50a19683d6f0.jpg'),(94,'dfa06e86-764f-4a5f-bdab-03c71705c436','https://storage.googleapis.com/rentstuff-1022-photo-storage-bucket/IMG_9676bc90-b92e-479f-af39-2307e56feb8f.jpg'),(95,'dfa06e86-764f-4a5f-bdab-03c71705c436','https://storage.googleapis.com/rentstuff-1022-photo-storage-bucket/IMG_d78f8b09-a40d-4ff6-af8b-43692e7d58dc.jpg'),(96,'dfa06e86-764f-4a5f-bdab-03c71705c436','https://storage.googleapis.com/rentstuff-1022-photo-storage-bucket/IMG_5c73e80b-e9ce-4140-9666-768bf3260789.jpg'),(97,'dfa06e86-764f-4a5f-bdab-03c71705c436','https://storage.googleapis.com/rentstuff-1022-photo-storage-bucket/IMG_67b9a4d6-5301-4271-995b-79915c612fde.jpg'),(98,'dfa06e86-764f-4a5f-bdab-03c71705c436','https://storage.googleapis.com/rentstuff-1022-photo-storage-bucket/IMG_23f7ceff-d83c-4734-a378-3e622bb43538.jpg'),(99,'dfa06e86-764f-4a5f-bdab-03c71705c436','https://storage.googleapis.com/rentstuff-1022-photo-storage-bucket/IMG_8b8546a8-3549-4797-a410-9186dd5749e8.jpg'),(100,'dfa06e86-764f-4a5f-bdab-03c71705c436','https://storage.googleapis.com/rentstuff-1022-photo-storage-bucket/IMG_aaead750-3e28-4a97-99e8-d73b518e6fc1.jpg'),(101,'dfa06e86-764f-4a5f-bdab-03c71705c436','https://storage.googleapis.com/rentstuff-1022-photo-storage-bucket/IMG_0446a681-376e-4b48-bede-34557e74fd13.jpg'),(102,'799dabbb-d5da-4247-991c-5cdd657932f8','https://storage.googleapis.com/rentstuff-1022-photo-storage-bucket/IMG_a0cddc4c-605b-4496-ba23-9cc1f7dc1de6.jpg'),(103,'799dabbb-d5da-4247-991c-5cdd657932f8','https://storage.googleapis.com/rentstuff-1022-photo-storage-bucket/IMG_47085859-cea5-4a7f-82f9-28a2b89147eb.jpg'),(104,'799dabbb-d5da-4247-991c-5cdd657932f8','https://storage.googleapis.com/rentstuff-1022-photo-storage-bucket/IMG_4adda9b3-dff2-4b1e-91b0-adebff3b58e2.jpg'),(105,'799dabbb-d5da-4247-991c-5cdd657932f8','https://storage.googleapis.com/rentstuff-1022-photo-storage-bucket/IMG_4853ee03-32d0-4fdb-ac57-840a36672bb5.jpg'),(106,'799dabbb-d5da-4247-991c-5cdd657932f8','https://storage.googleapis.com/rentstuff-1022-photo-storage-bucket/IMG_f26e1184-361b-418f-9819-431404e1de97.jpg'),(107,'799dabbb-d5da-4247-991c-5cdd657932f8','https://storage.googleapis.com/rentstuff-1022-photo-storage-bucket/IMG_14af9eee-fc8d-4384-a9dc-ae85ccfc7b1f.jpg'),(108,'799dabbb-d5da-4247-991c-5cdd657932f8','https://storage.googleapis.com/rentstuff-1022-photo-storage-bucket/IMG_7052fc66-7dc3-4bcb-9c47-d00ce0634b55.jpg'),(109,'799dabbb-d5da-4247-991c-5cdd657932f8','https://storage.googleapis.com/rentstuff-1022-photo-storage-bucket/IMG_3d1124af-7cde-4c3b-af30-a0e60cf51f6b.jpg'),(110,'799dabbb-d5da-4247-991c-5cdd657932f8','https://storage.googleapis.com/rentstuff-1022-photo-storage-bucket/IMG_217b15f6-0117-4415-9657-e546fe56df16.jpg'),(111,'799dabbb-d5da-4247-991c-5cdd657932f8','https://storage.googleapis.com/rentstuff-1022-photo-storage-bucket/IMG_6ec8231a-1ccb-4e23-86e4-c1e1ed9c6ca7.jpg'),(112,'799dabbb-d5da-4247-991c-5cdd657932f8','https://storage.googleapis.com/rentstuff-1022-photo-storage-bucket/IMG_7c6c8790-2051-405f-8e78-78705c7555fc.jpg'),(113,'799dabbb-d5da-4247-991c-5cdd657932f8','https://storage.googleapis.com/rentstuff-1022-photo-storage-bucket/IMG_4866021c-5f07-48a9-9b47-ff479592da3e.jpg'),(114,'799dabbb-d5da-4247-991c-5cdd657932f8','https://storage.googleapis.com/rentstuff-1022-photo-storage-bucket/IMG_78075aa7-8996-4417-8cfc-1dfa674a3d4b.jpg'),(115,'d1bbfef0-0880-4e1c-973b-737229bc73dd','https://storage.googleapis.com/rentstuff-1022-photo-storage-bucket/IMG_b69fa7a9-fb9d-473d-b382-3af7a15d19d8.jpg'),(116,'d1bbfef0-0880-4e1c-973b-737229bc73dd','https://storage.googleapis.com/rentstuff-1022-photo-storage-bucket/IMG_e093afbc-1ce8-4379-b02e-e7c70663b738.jpg'),(117,'d1bbfef0-0880-4e1c-973b-737229bc73dd','https://storage.googleapis.com/rentstuff-1022-photo-storage-bucket/IMG_8bad33d3-35f4-486f-a8f6-209574da573d.jpg'),(118,'d1bbfef0-0880-4e1c-973b-737229bc73dd','https://storage.googleapis.com/rentstuff-1022-photo-storage-bucket/IMG_474304c9-721d-4087-bec6-73e7b9bcb612.jpg'),(119,'d1bbfef0-0880-4e1c-973b-737229bc73dd','https://storage.googleapis.com/rentstuff-1022-photo-storage-bucket/IMG_00739577-fa97-4c4f-9e93-3d851f5a4e57.jpg'),(120,'d1bbfef0-0880-4e1c-973b-737229bc73dd','https://storage.googleapis.com/rentstuff-1022-photo-storage-bucket/IMG_442de86e-7072-45d2-969c-ac3a22c9f8d7.jpg'),(121,'d1bbfef0-0880-4e1c-973b-737229bc73dd','https://storage.googleapis.com/rentstuff-1022-photo-storage-bucket/IMG_dc9da470-69ea-457e-b907-2ae077af4ca1.jpg'),(122,'d1bbfef0-0880-4e1c-973b-737229bc73dd','https://storage.googleapis.com/rentstuff-1022-photo-storage-bucket/IMG_e6c70da1-b28f-4e5f-9934-98c60c8797a5.jpg'),(123,'d1bbfef0-0880-4e1c-973b-737229bc73dd','https://storage.googleapis.com/rentstuff-1022-photo-storage-bucket/IMG_99631db2-5f5a-4513-a5ba-b73b841e77e6.jpg'),(124,'d44b74e3-a825-4242-aa40-0791840b4be2','https://storage.googleapis.com/rentstuff-1022-photo-storage-bucket/IMG_0df3c000-828b-4ab6-b9d1-e7fdaea0e0b2.jpg'),(125,'d44b74e3-a825-4242-aa40-0791840b4be2','https://storage.googleapis.com/rentstuff-1022-photo-storage-bucket/IMG_61cd82e7-6248-4d2f-a2af-b4159b42d859.jpg'),(126,'43dc9ca3-10ba-4c65-b9b1-1c36893ee835','https://storage.googleapis.com/rentstuff-1022-photo-storage-bucket/IMG_5675a447-96bf-4eb9-8f78-9989f10571ff.jpg'),(127,'43dc9ca3-10ba-4c65-b9b1-1c36893ee835','https://storage.googleapis.com/rentstuff-1022-photo-storage-bucket/IMG_31f38f10-aa48-4504-a5d6-4d556eeb0163.jpg'),(128,'43dc9ca3-10ba-4c65-b9b1-1c36893ee835','https://storage.googleapis.com/rentstuff-1022-photo-storage-bucket/IMG_85bfa7df-9a72-4fb4-8149-da9f2404e1b1.jpg'),(129,'83cbdf4f-d408-4b80-87d0-41655003ebdf','https://storage.googleapis.com/rentstuff-1022-photo-storage-bucket/IMG_b2f61611-2915-4f19-9e38-763d36466612.jpg'),(130,'83cbdf4f-d408-4b80-87d0-41655003ebdf','https://storage.googleapis.com/rentstuff-1022-photo-storage-bucket/IMG_4c689af9-48f8-4bdb-9a05-153f2a33c134.jpg'),(131,'83cbdf4f-d408-4b80-87d0-41655003ebdf','https://storage.googleapis.com/rentstuff-1022-photo-storage-bucket/IMG_8382adc4-4d88-4002-9b07-e1bc81a062d4.jpg'),(132,'7dab0889-902b-4da0-a24d-1023a1b30cce','https://storage.googleapis.com/rentstuff-1022-photo-storage-bucket/IMG_22ba155b-3a57-4d08-b1d8-a9742f32d9eb.jpg'),(133,'7dab0889-902b-4da0-a24d-1023a1b30cce','https://storage.googleapis.com/rentstuff-1022-photo-storage-bucket/IMG_6ea462a4-7444-4465-a95f-e0b315391ea8.jpg'),(134,'7dab0889-902b-4da0-a24d-1023a1b30cce','https://storage.googleapis.com/rentstuff-1022-photo-storage-bucket/IMG_69b3d699-d210-443e-aeff-64abe07a2c5b.jpg'),(135,'7dab0889-902b-4da0-a24d-1023a1b30cce','https://storage.googleapis.com/rentstuff-1022-photo-storage-bucket/IMG_4150d760-c6c3-438a-82b0-046c0b753d8d.jpg'),(136,'7dab0889-902b-4da0-a24d-1023a1b30cce','https://storage.googleapis.com/rentstuff-1022-photo-storage-bucket/IMG_5ac7c5d7-81ba-46ed-9d42-a23973213a53.jpg'),(137,'7dab0889-902b-4da0-a24d-1023a1b30cce','https://storage.googleapis.com/rentstuff-1022-photo-storage-bucket/IMG_d3653b6c-7dcc-49d6-9c31-949f5624d8be.jpg'),(138,'d7c80050-952e-41fa-aa82-dcf1770fe52a','https://storage.googleapis.com/rentstuff-1022-photo-storage-bucket/IMG_636026de-f5dd-4fdd-be2a-7e2c75b48caf.jpg'),(139,'d7c80050-952e-41fa-aa82-dcf1770fe52a','https://storage.googleapis.com/rentstuff-1022-photo-storage-bucket/IMG_70c5ce39-0df6-4720-b618-9fe1b56063bf.jpg'),(140,'d7c80050-952e-41fa-aa82-dcf1770fe52a','https://storage.googleapis.com/rentstuff-1022-photo-storage-bucket/IMG_4bf4b7a4-7570-45a9-989d-4fc907a852c5.jpg'),(141,'d7c80050-952e-41fa-aa82-dcf1770fe52a','https://storage.googleapis.com/rentstuff-1022-photo-storage-bucket/IMG_450c0e84-c4ff-46c7-b4b2-f2ccd0f48db8.jpg'),(142,'d7c80050-952e-41fa-aa82-dcf1770fe52a','https://storage.googleapis.com/rentstuff-1022-photo-storage-bucket/IMG_5303f3ab-f526-46aa-a185-d5c0a1fd341d.jpg'),(143,'721faea9-8292-46fa-bed1-a281d977c784','https://storage.googleapis.com/rentstuff-1022-photo-storage-bucket/IMG_461c018c-e2ef-40d0-be73-47c579f9c961.jpg'),(144,'721faea9-8292-46fa-bed1-a281d977c784','https://storage.googleapis.com/rentstuff-1022-photo-storage-bucket/IMG_6ff4af66-a755-46b1-a876-d36bb1f48717.jpg'),(145,'721faea9-8292-46fa-bed1-a281d977c784','https://storage.googleapis.com/rentstuff-1022-photo-storage-bucket/IMG_68ec73f5-fd52-48ee-8747-481091946287.jpg'),(146,'bc26805b-7111-42c3-8f81-758e79956ac2','https://storage.googleapis.com/rentstuff-1022-photo-storage-bucket/IMG_a6027670-d0a3-424b-989b-3c462f803812.jpg'),(147,'bc26805b-7111-42c3-8f81-758e79956ac2','https://storage.googleapis.com/rentstuff-1022-photo-storage-bucket/IMG_684f3cea-f216-4ce6-b93f-332606583601.jpg'),(148,'bc26805b-7111-42c3-8f81-758e79956ac2','https://storage.googleapis.com/rentstuff-1022-photo-storage-bucket/IMG_df95f278-00bb-4d3a-8ff4-cbfb81f552a9.jpg'),(149,'bc26805b-7111-42c3-8f81-758e79956ac2','https://storage.googleapis.com/rentstuff-1022-photo-storage-bucket/IMG_f779c030-54f6-4ecd-87fc-fc0233b73805.jpg'),(150,'bc26805b-7111-42c3-8f81-758e79956ac2','https://storage.googleapis.com/rentstuff-1022-photo-storage-bucket/IMG_6dfe2912-093a-4912-859f-daa240e359dc.jpg'),(151,'bc26805b-7111-42c3-8f81-758e79956ac2','https://storage.googleapis.com/rentstuff-1022-photo-storage-bucket/IMG_eed4e1e4-5198-480f-8e3e-e0a79c1f947f.jpg'),(152,'bc26805b-7111-42c3-8f81-758e79956ac2','https://storage.googleapis.com/rentstuff-1022-photo-storage-bucket/IMG_c58a857f-4141-4da8-92e7-b3f94424595b.jpg'),(153,'bc26805b-7111-42c3-8f81-758e79956ac2','https://storage.googleapis.com/rentstuff-1022-photo-storage-bucket/IMG_c2b21e44-5f9e-4f92-9841-d642c57f755c.jpg'),(154,'bc26805b-7111-42c3-8f81-758e79956ac2','https://storage.googleapis.com/rentstuff-1022-photo-storage-bucket/IMG_b835d8d3-ee17-45e8-b337-69d675aeb768.jpg');
/*!40000 ALTER TABLE `hostelimages` ENABLE KEYS */;
UNLOCK TABLES;

--
-- Dumping data for table `hotel`
--

LOCK TABLES `hotel` WRITE;
/*!40000 ALTER TABLE `hotel` DISABLE KEYS */;
/*!40000 ALTER TABLE `hotel` ENABLE KEYS */;
UNLOCK TABLES;

--
-- Dumping data for table `hotelimages`
--

LOCK TABLES `hotelimages` WRITE;
/*!40000 ALTER TABLE `hotelimages` DISABLE KEYS */;
/*!40000 ALTER TABLE `hotelimages` ENABLE KEYS */;
UNLOCK TABLES;

--
-- Dumping data for table `house`
--

LOCK TABLES `house` WRITE;
/*!40000 ALTER TABLE `house` DISABLE KEYS */;
INSERT INTO `house` VALUES ('0cd35db7-0e72-4e9c-aa45-0616fa3ee9af',40,'2 Bedroom Unfurnished apartment for rent in F-10 Markaz Islamabad','2 bed Family Unfurnished apartment in F-10 Markaz Islamabad. Attached bathrooms and kitchen','waqas.shah.syed@gmail.com',45000,2,1,2,0,0,0,0,0,'Apartment','0','03445288983',33.695230800,73.012854600,NULL,NULL,'F-10 Markaz, Islamabad, Pakistan',NULL,'Shah Khan',0,'Month',NULL,NULL,NULL,NULL),('991d4408-c3f9-4576-ac01-f5cfced19527',41,'2 Bedroom Furnished Apartment for rent in F-10 Markaz, Islamabad','2 bedroom Furnished Apartment in F-10 Markaz, Islamabad for families. Attached bathrooms and Kitchen','waqas.shah.syed@gmail.com',50000,2,1,2,0,0,0,0,0,'Apartment','0','03445288983',33.695230800,73.012854600,NULL,NULL,'F-10 Markaz, Islamabad, Pakistan',NULL,'Shah Khan',0,'Month',NULL,'2018-03-23 03:43:09',NULL,NULL),('221897e8-c601-4a77-9c47-d4486bf0d27d',42,'3 Bedroom Unfurnished Apartment for rent in F-10 Markaz, Islamabad','3 Bedroom Unfurnished Apartment for rent in F-10 Markaz, Islamabad for families','waqas.shah.syed@gmail.com',65000,3,1,3,0,0,0,0,0,'Apartment','0','03445288983',33.695230800,73.012854600,NULL,NULL,'F-10 Markaz, Islamabad, Pakistan',NULL,'Shah Khan',0,'Month',NULL,NULL,NULL,NULL),('91a523a6-3bf2-4f25-a584-c96ae8d9cea9',43,'3 Bedroom Furnished Apartment for rent in F-10 Markaz, Islamabad','3 Bedroom Furnished Apartment for rent in F-10 Markaz, Islamabad. Available for families','waqas.shah.syed@gmail.com',100000,3,1,3,0,0,0,0,0,'Apartment','0','03445288983',33.695230800,73.012854600,NULL,NULL,'F-10 Markaz, Islamabad, Pakistan',NULL,'Shah Khan',0,'Month',NULL,NULL,NULL,NULL),('90fbd2d0-d586-4488-8729-74012819c60d',45,'HOUSE ROOM PORTIONS BASEMENT FOR RENT IN I-8','I AM DEALING IN RENT FOR I-8.\nI HAVE BRANDNEW HOUSES PORTIONS BASEMENTS FOR RENT IN I-8\nFEEL FREE TO CONTACT ME.','ahmad.abdullah2232320@gmail.com',60000,3,1,3,0,0,0,0,0,'House','0','03335952348',33.668065400,73.072993400,NULL,NULL,'I-8, Islamabad, Pakistan','f5b7e149-52f8-42c6-ac26-ce145ef38027','0514938029',0,'Month',NULL,NULL,NULL,NULL),('4efa83dd-9461-4131-bec2-abd9eb1e9b65',90,'Unfurnished Apartment in F-7','Unfurnished apartment, 1st floor.','printutil@gmail.com',190000,2,1,2,1,1,0,1,1,'Apartment','0','03168948486',33.719863300,73.055285400,NULL,NULL,'F-7, Islamabad, Pakistan',NULL,'Fahad',0,'Month',NULL,NULL,NULL,NULL),('5e99cea5-8a26-47c8-8d8c-9753a4568d9e',97,'Guest House & Hostel','Non-furnished house, with marble flooring. Rooms are 200 ft suare','agha.hakeem@yahoo.com',110000,6,1,2,1,0,1,0,1,'Apartment','0','03335673153',33.668122300,72.996249100,NULL,NULL,'G-11, Islamabad, Pakistan',NULL,'Owner',0,'Month',NULL,NULL,NULL,NULL),('6cf2fa28-5055-40c4-b9a5-84c134fbdde6',113,'Rooms available in G-11','Three bed and double bed rooms available.\nFully furnished rooms with attached bath\nNeat and clean living environment\nTwo time meal\nInternet\nPower backup generator\nParking\nLoundry\nNear to NUST, FAST And IIUI.','agha.hakeem@yahoo.com',10000,1,0,1,1,0,1,0,1,'Apartment','0','03348984184',33.668122300,72.996249100,NULL,NULL,'G-11, Islamabad, Pakistan',NULL,'Masrooq',1,'Month',NULL,NULL,NULL,NULL),('a638510b-6a3d-403e-813c-d6719949a687',359,'Room for rent in Rawalpindi','This is a place to stay for males, it is not a hostel.Home Cooked Dinner (Optional) Sub meter available if the guest wishes to install AC. A small independent kitchen can be furnished upon request with slight addition in charges. Very peaceful, clean and health friendly environment provided in the hospitality of a respectable family. Monthly hosting charges (including the utilities and all above services/facilities) IF REQUIRED SINGLY/SEPARATELY (Rs. 16000 with Dinner) *Bath will be shared *Car parking not available within the premises. *One month advance charges and one month refundable security required upfront. *Preferably for students/executives associated with reputable organizations. *Best suited to bachelors. Not suited to families, or physically challenged individuals. Please call between 9 am and 10 pm. New beds and mattresses New Cupboards Sofa, Table etc UPS backup Hot/Cold water Refrigerator Tv Set & Cable Facility Round the clock Internet and WiFi All the utility bills are covered. non AC/Air-cooler and non heater','agha.hakeem@yahoo.com',16000,1,1,1,1,0,1,0,0,'House','1','03335260977',33.639944700,73.105725800,NULL,NULL,'Islamabad Hwy, Nawaz 44000, Pakistan',NULL,'Owner',0,'Month',NULL,NULL,NULL,NULL),('92aa50d7-9eb9-4435-a014-58c27a2d56e7',360,'Furnished Flats in Bahria Phase 4 & 6 Islamabad','We have one bed two bed and studio furnished flats in bahria phase 4 ...6 ..and 1 Its avail for long and short time \n\nIN furnising\n\nLCD fridge sofa set cutlery beds A C OVEN dining sepret eletric meter \n\none bed flat plus tv lounge bath & open kitchen \nRent 25 thousand minimum for long time \n\ntwo bed flat Two bath one tv longe open kitchen \n\nRENT 37 thousand for long agrement it\'s the lowest two bed furnished rent\n\nthree bed flat 3 bathroom one tv lounge kitchen\n\nRENT 60 thousand for long agrement \n\nstudio flat with kitchen and bath\n\nRENT 22 thousand \n\nPlzzzz Must read\n\nOne bedroom rent for one month minimum 35 thousand .. plus serves charges 5 thousand \n2 thousand maintenance charges \n\nOne month security deposit \nWho refundable when leave\nTotal expence For one month 45thousand \n\nAnd if u want long time rent mention \n\nPlzzz no bargaining for one month \nIts the lowest rent in bahria u can check the markit then call \n\nWe have 3 catagery flats avail\nA class B class C class \n\nC class one bed rent 25 thousand\n\nB class one bed rent 35 thousand \n\nA class one bed rent 45 thousand \n\nTwo bed A class 70 thousand \n\nTwo bed B class 50 thousand \n\nTwo bed C class 40 thousand \n\nRent maintion long time agrement \n\nIf u want one month r two month furnished flats Rent Will Must increase \n\nWe can send the orignal pic and videos on whatsup for more details conatct us \n\nup pictures attached A class flat \n\nPlzzz rent for long time almost final \nSlidly negotiations \n\nNo load shedding in bahria','agha.hakeem@yahoo.com',25000,2,1,2,1,0,1,1,1,'Apartment','0','03085789313',31.382107400,74.188582500,NULL,NULL,'Bahria Town, Lahore, Pakistan',NULL,'Awais  Riaz',0,'Month',NULL,NULL,NULL,NULL),('f61c4cf8-69b4-4c18-a462-554ca1aec94d',361,'Brand New Furnished Flat/Apartment Available For Rent In Bahria Town','1 Bedroom\nAttached bathroom\nLounge\nKitchen\nPowder Room\nFull Furnished\nNear To Park Mosque, School, Hospital & Market','agha.hakeem@yahoo.com',35000,1,1,1,0,0,0,0,0,'Apartment','0','03224013397',31.382107400,74.188582500,NULL,NULL,'Bahria Town, Lahore, Pakistan',NULL,'Zahid',0,'Month',NULL,NULL,NULL,NULL),('5f3ee4a8-0268-4de4-af98-e99ba481c2f7',362,'2 bed attach bath drawing/dining tv.L brand new furnished lash flat','2 bed attach bath \nbig tv lounge kitchen \nDrawing dining \nFully furnished \nMarble flooring \nUps ac frig owen all things available \nCar parking \nF-11 Markaz Islamabad \n\n\n3 bed attach bath tv lounge kitchen Drawing dining \nFully furnished \nMarble flooring \nCar parking \nF-11 Markaz Islamabad rent 130000\n\nMore 1 bed 2 bed 3 bed Furnished and unfurnished Available \nFor More Info Plz Contact us Zafar Iqbal \nApartment available On easy Installment \nin E-11 G-11 for any detail you Contact us\nor text on Wats app viber number \nwats app number same','agha.hakeem@yahoo.com',90000,2,1,2,0,0,0,1,1,'Apartment','0','03017788327',33.683574000,72.990344700,NULL,NULL,'F-11, Islamabad, Pakistan',NULL,'Zafar',0,'Month',NULL,NULL,NULL,NULL),('b22bb46c-59f5-4148-95db-c2ccd763971d',363,'G-11/4 pha flats C type','2 bed 2 bath tvl kitchen car parking','agha.hakeem@yahoo.com',28000,2,1,2,0,0,0,0,0,'Apartment','0','03007497674',33.729388200,73.093146100,NULL,NULL,'Islamabad, Pakistan',NULL,'Janjua',0,'Month',NULL,NULL,NULL,NULL),('d879fa12-7d6d-416c-ab3c-9b963ca5d76a',364,'Room Available For Male and Female','Furnished and Unfurnished rooms available in khudad heights E-11 Islamabad, The price range is 14000 - 22000 PKR \n\nOne + one for unfurnished room\nTwo + one for furnished room\n\nFurnished room facilities :-\n\n1. Cover car parking\n2. Ac Installed with separate sub meter. \n3. LCD \n4. Double Master bed with mattress and side tables.\n5. Cupboards\n6. Mutual Kitchen\n7. Mutual Crockery \n8. Mutual Fridge \n9. Mutual Oven\n10. UPS\n11. Geezer \n12. DSL Broadband Internet \n14. Drinking Mineral Water\n\nFor visit and appointment, contact on given number.','agha.hakeem@yahoo.com',15000,1,0,1,0,0,0,1,1,'Apartment','0','03336067750',33.729388200,73.093146100,NULL,NULL,'Islamabad, Pakistan',NULL,'Irfan',0,'Month',NULL,NULL,NULL,NULL),('2020108e-c61d-470d-a99d-f968ba81ad1f',365,'3 Bedroom Apartment | 7th Floor | Askari 11 | Lahore','3 Bedroom Apartment\n7th Floor | Askari 11\nFully Gated and Secured Army Society\nAffordable Rent\n24 hours back up lift\n2 mins from mosque and play ground\n7mins drive from DHA\nDirect Access to Ring Road\n\nArifsons:\nYour one stop real estate shop!\nOther options also available for rent and purchase in Askari 11. \nCall us! You will not be disappointed!','agha.hakeem@yahoo.com',25000,3,1,3,0,0,0,1,1,'Apartment','0','03213333069',31.460216500,74.435369600,NULL,NULL,'Askari XI, Lahore, Pakistan',NULL,'ArifSons',0,'Month',NULL,NULL,NULL,NULL),('f1122c5d-1bf1-4af1-aa2c-88e6016638dd',366,'G-11 Flat accommodation available','2 bed flat\nnear markaz\nNeat & Clean','agha.hakeem@yahoo.com',26000,2,1,1,0,0,0,0,1,'Apartment','0','03325577766',33.729388200,73.093146100,NULL,NULL,'Islamabad, Pakistan',NULL,'Usman',0,'Month',NULL,NULL,NULL,NULL),('3b738422-867c-4d8a-a52f-6a81beef19fe',367,'Sunny Pride (Main Rashid Minhas Road)','VIP location. 3 bed drawing dining apartment. No electricity problem.\n\nAl-Arham Associates','agha.hakeem@yahoo.com',20000,3,1,3,0,0,0,0,1,'Apartment','0','03452196117',24.861462200,67.009938800,NULL,NULL,'Karachi, Pakistan',NULL,'Uzair',0,'Month',NULL,NULL,NULL,NULL),('51df5f81-6893-474c-ba00-b40b7f44f0c6',368,'Ground portion at gulberg Firdouse market lhr','1 bed room attached bath drawing kitchen for family or job going boys more pls contact imran','agha.hakeem@yahoo.com',15000,1,1,1,0,0,0,0,1,'Apartment','0','03004005578',31.554606100,74.357158100,NULL,NULL,'Lahore, Pakistan',NULL,'Imran',0,'Month',NULL,NULL,NULL,NULL),('cdb5146d-eccc-4c27-96ec-b06017b96ba3',369,'Noman Avenue (Rashid Minhas Road)','VIP location. 2 bed drawing dining. 8th floor. No water and electircity problem. Corner apartment.\n\nAl-Arham Associates','agha.hakeem@yahoo.com',16000,2,1,2,0,0,0,0,0,'Apartment','0','03452196117',24.861462200,67.009938800,NULL,NULL,'Karachi, Pakistan',NULL,'Uzair',0,'Month',NULL,NULL,NULL,NULL),('d5efdfc7-a25b-4c68-9952-af09b3a949ca',370,'At Nazimabad No.4 Portion 211 Sqr-Yard Available For Rent','At Nazimabad No.4 Musaic Flooring 211 Sqear Yeard Portion Available For Rent,\n1st Floor West Open,\n3 Bedroom Dring Dining Lounge Gallery,\n3 Atech Bathroom,\nOpen Kitchen,\nRent Rs: 32 Thousand Only,\nDeposit 6 Plus 1,\nFrom Fahad Feroz\nMUBASHIR REAL ESTATE \nNazimabad No.4,','agha.hakeem@yahoo.com',32000,3,1,3,0,0,0,0,0,'Apartment','0','03452699210',24.861462200,67.009938800,NULL,NULL,'Karachi, Pakistan',NULL,'Fahad',0,'Month',NULL,NULL,NULL,NULL),('b1bfb57b-7a18-41c1-8b4e-4d7b8bf65575',371,'3Bed Room Drawing Dining 1st floor 1800 square feet Tiled flooring','Apartments For Rent Nishat commercial Area Phase 6 3Bed Room Drowing Room Tv Lounge 1800 square feet First floor Tiled flooring Bungalow Facing 3side corner just like brand new out class Demand 80 thousand','agha.hakeem@yahoo.com',80000,2,1,3,0,0,0,0,0,'Apartment','0','03002060451',24.861462200,67.009938800,NULL,NULL,'Karachi, Pakistan',NULL,'Adnan',0,'Month',NULL,NULL,NULL,NULL),('6dfd69d5-f9a5-4e4b-9790-12392234e33e',372,'Saima Classic (Rashid Minhas Road)','VIP location. 2 bed drawing dining apartment. Daily water. No electricity problem. VIP condition.\n\nAl-Arham Associates','agha.hakeem@yahoo.com',25000,2,1,2,0,0,0,0,0,'Apartment','0','03452196117',24.861462200,67.009938800,NULL,NULL,'Karachi, Pakistan',NULL,'Uzair',0,'Month',NULL,NULL,NULL,NULL),('8a16812a-5965-41d6-bc41-6b6de4f8771e',373,'2 Bed Flat for rent in Bahria town Rawalpindi','2 Bed flat for rent in Bahria town rwp Rajaaa\nhaving\n2 room\nattach wash room\ntv lounge\nkitchen\ngood location\nmore info contact us','waqas.shah.syed@gmail.com',25000,2,1,2,0,0,0,0,0,'Apartment','0','03360519957',33.495896000,73.105630100,NULL,NULL,'Bahria Town, Rawalpindi, Pakistan',NULL,'Raja Wahid Khan',0,'Month',NULL,NULL,NULL,NULL),('e2d9a90d-5928-43be-b081-ea4e1d55be1d',374,'Defences Muslim commercial phase 6','Defencs muslim commercial \nout class loction tile flooring\n2nd floor 2bed lonch \norginal picture dha phse 6','waqas.shah.syed@gmail.com',32000,1,1,2,0,0,0,0,0,'Apartment','0','03433062229',24.861462200,67.009938800,NULL,NULL,'Karachi, Pakistan',NULL,'Asad',0,'Month',NULL,NULL,NULL,NULL),('5947c0e9-157b-4fa4-81ce-f3ae6adcf541',375,'Saima Grand in North Nazimabad','1st floor new apartment, Three bedrooms with attached bath, dining/lounge, drawing room , washing area , furnished kitchen, floor parking , two lifts and road facing.','waqas.shah.syed@gmail.com',42000,5,1,3,0,0,0,0,0,'Apartment','0','03002219581',24.861462200,67.009938800,NULL,NULL,'Karachi, Pakistan',NULL,'Syed Majid',0,'Month',NULL,NULL,NULL,NULL),('b0ecdcd6-3300-4bab-992f-11b0ff4a9c14',376,'Fully furnished last lower portion 2 Bed Rooms for rent in DHA','fully furnished last lower portion 2 Bed Rooms for rent in DHA ( short n long time )','waqas.shah.syed@gmail.com',55000,2,1,2,0,0,0,0,0,'Apartment','0','03237671680',31.474871200,74.373409200,NULL,NULL,'DHA Phase 3, Lahore, Pakistan',NULL,'Shafqat Ali',0,'Month',NULL,NULL,NULL,NULL),('ebe07b6f-1b0f-4b87-8125-4d3a8752bc1c',377,'Lift building 4th floor | Lift | Car parking','Lift 3 bed drawing dining apartment, car, parking maintenance building','waqas.shah.syed@gmail.com',80000,3,1,3,0,0,0,0,0,'Apartment','0','03100094153',24.861462200,67.009938800,NULL,NULL,'Karachi, Pakistan',NULL,'Irshad Khan',0,'Month',NULL,NULL,NULL,NULL),('4211bda7-56a2-42eb-9b5c-efe61c6dee0f',378,'2 Bed Dd Apartment For Rent','2 bed DD apartment for rent\nSmall shahbaz Phase 6 DHA\n1st Floor\nReady to move for more detail\nTahir','waqas.shah.syed@gmail.com',40000,2,1,2,0,0,0,0,0,'Apartment','0','03213824336',24.861462200,67.009938800,NULL,NULL,'Karachi, Pakistan',NULL,'Tahir Hassan',0,'Month',NULL,NULL,NULL,NULL),('a4790836-3679-4c32-a993-b6237402f674',379,'Bahria Town Karachi ( Quaid Villa)','Top Real Estate Company in Pakistan.\nMurtaza Estate & Developers\n\nConfirmed Available\n\nSarfraz Ahmed\nMurtaza Estate/ 92 300 2590 966','waqas.shah.syed@gmail.com',80000,3,1,3,0,0,0,0,0,'Apartment','0','03002590966',24.861462200,67.009938800,NULL,NULL,'Karachi, Pakistan',NULL,'Sarfraz Ahmad',0,'Month',NULL,NULL,NULL,NULL),('0ef5b837-8747-42e9-8c31-224dafdcbadf',380,'United Estate Marketing','Flat For Rent\nRoom 2 with Bathroom and Kichen \nG/10/4 I.n.T center islamabad','waqas.shah.syed@gmail.com',16000,2,1,1,0,0,0,0,0,'Apartment','0','03331601055',33.729388200,73.093146100,NULL,NULL,'Islamabad, Pakistan',NULL,'Umair',0,'Month',NULL,NULL,NULL,NULL),('5a01837d-d336-44ce-87eb-ea193fcb636f',381,'Apartment class furnished 3 Bed rooms for rent near DHA','Apartment class furnished 3 Bed rooms for rent near DHA ( short n long time )','waqas.shah.syed@gmail.com',90000,3,1,3,0,0,0,0,0,'Apartment','0','03237671680',31.554606100,74.357158100,NULL,NULL,'Lahore, Pakistan',NULL,'Shafqat Ali',0,'Month',NULL,NULL,NULL,NULL),('e5be9b5d-f95e-49ea-a2c6-c566b3fac29f',382,'ASKARI 11 alam apartments','2 beds\nlounge\nkitchen\nstore\nlaundry','waqas.shah.syed@gmail.com',12000,2,1,2,0,0,0,0,0,'Apartment','0','03164633951',31.462538900,74.408592900,NULL,NULL,'Phase 5 D.H.A, Lahore, Pakistan',NULL,'Sohail Alam',0,'Month',NULL,NULL,NULL,NULL),('baa38255-7470-4ab1-a14d-976a4cf4ba9b',383,'Opportunity supper furnished 2 Bed lower portion for rent in DHA','Opportunity supper furnished 2 Bed lower portion for rent in DHA ( short n long time ) Apartment for rent in Lahore','waqas.shah.syed@gmail.com',55000,2,1,2,0,0,0,0,0,'Apartment','0','03237671680',31.474871200,74.373409200,NULL,NULL,'DHA Phase 3, Lahore, Pakistan',NULL,'Shafqat Ali',0,'Month',NULL,NULL,NULL,NULL),('cb05c5af-01b6-4b45-bdec-01200d66987c',384,'Askari 11 Flats','2 Beds\nlounge\nkitchen\nstore\nlaundry\nd/d\n\nApartment for rent in DHA 5 Lahore','waqas.shah.syed@gmail.com',12000,2,1,2,0,0,0,0,0,'Apartment','0','03164633951',31.462538900,74.408592900,NULL,NULL,'Phase 5 D.H.A, Lahore, Pakistan',NULL,'Sohail Alam',0,'Month',NULL,NULL,NULL,NULL),('87abf36c-e2c2-4356-b94a-fc459a537411',385,'Bahria Town Karachi (Quaid Villa)','Top Real Estate Company in Pakistan.\nMurtaza Estate & Developers\n\nConfirmed Available\n\nSarfraz Ahmed/ Murtaza Estate & Developers\n92 300 2590 966\n\nApartment for rent in Karachi','waqas.shah.syed@gmail.com',75000,3,1,3,0,0,0,0,0,'Apartment','0','03002590966',24.861462200,67.009938800,NULL,NULL,'Karachi, Pakistan',NULL,'Sarfraz Ahmad',0,'Month',NULL,NULL,NULL,NULL),('bcb497d7-1358-4a8b-84ba-e8a1a685b2a4',386,'Dha Executive Class Furnished Super Apartment in Cantt Area','2 bed rooms with attach bath rooms t.v lounge fully furnished apartment 24 hours security and back up contact for more detail.','waqas.shah.syed@gmail.com',85000,2,1,2,0,0,0,0,0,'Apartment','0','03222121217',31.554606100,74.357158100,NULL,NULL,'Lahore, Pakistan',NULL,'Sajjad',0,'Month',NULL,NULL,NULL,NULL),('270f9074-fffa-49a5-bf6b-16ef0bd2b154',387,'Families only(askari flats) ask 11','2 bed\nlounge\nkitchen\nstore\nlaundry\nd/d\n\nFor rent in DHA Lahore','waqas.shah.syed@gmail.com',14000,2,1,2,0,0,0,0,0,'Apartment','0','03164633951',31.462538900,74.408592900,NULL,NULL,'Phase 5 D.H.A, Lahore, Pakistan',NULL,'Sohail Alam',0,'Month',NULL,NULL,NULL,NULL),('41b20417-d904-423c-976d-b5855f76ef1a',388,'F - 11 / 1 Brand New Fully Furnished 2800 Sq.ft luxury Apartment 3 bed','F - 11 / 1 Brand New Fully Furnished 2800 Sq.ft luxury Apartment\n3 bedrooms with attached Stylish Bath rooms,\nDrawing Dinning with Ac split all rooms Ups. Telephone, Internet \nAmerican kitchen Elevator lift Stand by Generator\nUnder Ground car Parking.\nContact only Preference Multi national / foreigner / bankers Families / Couples.\nReasonable Rent\nContact Al Hafiz Estate \nOffice no 04 Second Floor Hamza Plaza F - 11 Markaz Islamabad regards Basharat Hussain Qureshi','waqas.shah.syed@gmail.com',128000,3,1,3,0,0,0,0,0,'Apartment','0','03005002644',33.683574000,72.990344700,NULL,NULL,'F-11, Islamabad, Pakistan',NULL,'Basharat Hussain',0,'Month',NULL,NULL,NULL,NULL),('ecea092c-7cb1-4402-abfa-036335c70517',389,'AR Cottages 2 Bed Rooms Furnished Apartment for Overseas','2 bed rooms with attach bath rooms t.v lounge furnished solar back up near to Airport','waqas.shah.syed@gmail.com',85000,2,1,2,0,0,0,0,0,'Apartment','0','03222121217',31.554606100,74.357158100,NULL,NULL,'Lahore, Pakistan',NULL,'Sajjad',0,'Month',NULL,NULL,NULL,NULL),('7e2ec25c-7a5a-47d3-9c42-e3cf72ca621d',390,'Dha Furnished Studio Flat in House 1 bed/Separate Entr','1 bed rooms with attach bath rooms t.v lounge fully furnished kitchen separate entrance fully furnished contact for more detail','waqas.shah.syed@gmail.com',75000,1,1,1,0,0,0,0,0,'Apartment','0','03222121217',31.554606100,74.357158100,NULL,NULL,'Lahore, Pakistan',NULL,'Sajjad',0,'Month',NULL,NULL,NULL,NULL),('ffd4d5af-8316-43b4-ad34-d4b8fe2c198d',391,'Apartment in clifton block 4','Flat in clifton block 4 is available for rent, 1st floor, with 3 bed d/d with covering area of 2150sqfts, ready to move. For further details kindly contact','waqas.shah.syed@gmail.com',65000,3,1,3,0,0,0,0,0,'Apartment','0','03213318147',24.861462200,67.009938800,NULL,NULL,'Karachi, Pakistan',NULL,'Z khan',0,'Month',NULL,NULL,NULL,NULL),('236e5f7e-f96e-4a4e-baa1-5ded4217f840',392,'Office for rent main jail road Lahore','office for rent main jail road commercial area \nattach kitchen and bathroom\nist floor\nseprate electric meter and water connection\nseprate stairs\n\njail road Lahore\n\nApartment for rent in Lahore','waqas.shah.syed@gmail.com',16000,1,1,1,0,0,0,0,0,'Apartment','0','03361452770',31.554606100,74.357158100,NULL,NULL,'Lahore, Pakistan',NULL,'M Ahmad',0,'Month',NULL,NULL,NULL,NULL),('2934b5f8-b5c2-4a77-9d34-b3a89642ad23',393,'G11 Ground E Type Flat Carpeted Curtain Fit Bachelors Job Person Famil','g 11 2 bed 2bath tvl kit terrace fully carpeted curtain fitted\n\nFor rent in Islamabad','waqas.shah.syed@gmail.com',22000,2,1,2,0,0,0,0,0,'Apartment','0','03335509020',33.668122300,72.996249100,NULL,NULL,'G-11, Islamabad, Pakistan',NULL,'Muhammad Hammad',0,'Month',NULL,NULL,NULL,NULL),('d82da501-7be0-447e-a801-85bea2b6ea77',394,'Apartment Available For Rent in Karachi','2 bedrooms apartment with drawing dining 3rd floor with roof.\nWest open well maintain & No parking issue \nFull Family Building. Safe & Secure peace full environment & prime location of ittehad commercail \nFor More details contact Azhar Moin','waqas.shah.syed@gmail.com',45000,2,1,2,0,0,0,0,0,'Apartment','0','03368228612',24.861462200,67.009938800,NULL,NULL,'Karachi, Pakistan',NULL,'Azhar Moin',0,'Month',NULL,NULL,NULL,NULL),('fb5b0c3e-cbf3-441d-a963-90dcd71dc830',395,'Apartment in clifton block 2','Flat in clifton block 2 is available for rent, ground floor, with 3 bed d/d, brand new with lift covering area of 1400sqfts, ready to move. For further details kindly contact\n\nFor rent in Karachi','waqas.shah.syed@gmail.com',60000,3,1,3,0,0,0,0,0,'Apartment','0','03213318147',24.861462200,67.009938800,NULL,NULL,'Karachi, Pakistan',NULL,'Z Khan',0,'Month',NULL,NULL,NULL,NULL),('b358fa25-91c6-4d9f-9479-5e0a356df216',396,'Askari Towers 1 DHA islamabad phase 2','Askari Towers 1 DHA islamabad phase 2 brand new apartment of 3 bedroom is available for rent. For more information contact with shiraz \nI am registered real estate agent from housing directorate GHQ rwp\n\nFor rent in Islamabad','waqas.shah.syed@gmail.com',32000,3,1,4,0,0,0,0,0,'Apartment','0','03340953610',33.528264800,73.161512700,NULL,NULL,'DHA Phase II, Pakistan',NULL,'Shiraz',0,'Month',NULL,NULL,NULL,NULL),('c9941b8e-2258-4a96-b76f-5a41ba8f052b',397,'Apartment Available near Bahria orchard icon valley Raiwind rd lahore','Its a brand new 5 marla 2 bed apartment for rent un icon valley lhr. Beautiful Apartment with all facilities of life .\nCall now for visit\nWtsapp .\n\nFor rent in Lahore','waqas.shah.syed@gmail.com',20000,2,1,2,0,0,0,0,0,'Apartment','0','03248006309',31.554606100,74.357158100,NULL,NULL,'Lahore, Pakistan',NULL,'BIlal Imtiaz',0,'Month',NULL,NULL,NULL,NULL),('d8f21848-9cfd-4d2d-9b88-91efa0b5ec9e',398,'6 marla flat available for rent in Paragon City Lahore','6 marla flat available for rent 2nd floor 2 bed rooms prime location near to park.\n\nApartment for rent in Lahore','waqas.shah.syed@gmail.com',20000,2,1,2,0,0,0,0,0,'Apartment','0','03214330054',31.531193200,74.456959100,NULL,NULL,'Paragon City, Lahore, Pakistan',NULL,'Zaheer Hussain',0,'Month',NULL,NULL,NULL,NULL),('2e3fbaa4-75d2-4dcc-8d39-98f841c3d4d0',399,'Fully furnished appartment avaliable','DHA khy-muslim 2bed with attech baths,launch,kitchen,fully furnished appartment for rent avaliable.\n\nApartment for rent in Karachi','waqas.shah.syed@gmail.com',32000,2,1,2,0,0,0,0,0,'Apartment','0','03009278589',24.861462200,67.009938800,NULL,NULL,'Karachi, Pakistan',NULL,'Aamir Khan',0,'Month',NULL,NULL,NULL,NULL),('186d2927-adea-463a-aa43-3831914855ce',400,'Full col flat Askari 14 C sector','Askari 14 sector C full col flat is available for rent. For more information contact shiraz. I am registered real estate agent from housing directorate GHQ rwp\n\nFor rent in Rawalpindi','waqas.shah.syed@gmail.com',32000,4,1,5,0,0,0,0,0,'Apartment','0','03340953610',33.598394000,73.044135200,NULL,NULL,'Rawalpindi, Pakistan',NULL,'Shiraz',0,'Month',NULL,NULL,NULL,NULL),('d6f39a77-e5e4-4289-b910-5e3d962c4df7',401,'Furnished room avaliable in badar com','In dha phase-5 on main 26th street fully furnished room with attech bath avaliable.utilities include in rent with out AC charges.tiles flooring ideal location,safe area .\n\nFor rent in Karachi','waqas.shah.syed@gmail.com',25000,1,1,1,0,0,0,0,0,'Apartment','0','03009278589',24.861462200,67.009938800,NULL,NULL,'Karachi, Pakistan',NULL,'Owner',0,'Month',NULL,NULL,NULL,NULL),('f865ddf7-1ad2-4dc2-9555-487cc334118e',402,'Paragon City 6 marla apartment available for rent l.','6 marla apartment available for rent prime location near to park near to commercial area.\n\nFor rent in Lahore','waqas.shah.syed@gmail.com',25000,2,1,2,0,0,0,0,0,'Apartment','0','03214330054',31.554606100,74.357158100,NULL,NULL,'Lahore, Pakistan',NULL,'Zaheer Hussain',0,'Month',NULL,NULL,NULL,NULL),('8a330b1e-035d-4e27-8f12-77d0d6d81078',403,'2bed dd avaliable in saba commercial','In dha phase-5,two bed dd on second floor,3side corner near sea-view avaliable for rent.\n\nFor rent in Karachi','waqas.shah.syed@gmail.com',35000,3,1,2,0,0,0,0,0,'Apartment','0','03009278589',24.801053700,67.037336800,NULL,NULL,'Saba Commercial Area, Karachi, Pakistan',NULL,'Owner',0,'Month',NULL,NULL,NULL,NULL),('90f2d62d-86e9-4e0c-b6d9-25d8ee955032',475,'House portion for rent','2 bed , lounch, kitchen, tares, breand new construction 2 nd floor 900 covered area','syed.ahmad29@hotmail.com',75000,2,1,3,1,1,1,0,0,'House','0','03162004642',24.806356900,67.030076300,NULL,NULL,'Block 4, Karachi, Pakistan','42da4f02-ed37-445a-b855-8349540097bb','Mohammad ahmad ali',1,'Month','2017-11-25 14:42:09','2017-11-25 14:42:09',NULL,NULL),('18b8cf95-c13a-4489-8e3e-fb6e6aae8720',476,'Wanted House on Rent','Lower portion 5 or 10 marla in DHA 8 or near areas . No broker please.','nnawazsaeed@gmail.com',35000,2,1,2,0,0,0,0,0,'House','0','03039879269',31.507102600,74.442304000,NULL,NULL,'DHA Phase 8 - Ex Air Avenue, Lahore, Pakistan','98f34789-8662-436b-bf3c-556766b19560','Muhammad Nawaz',0,'Month','2017-11-26 14:37:03','2017-11-26 14:37:03',NULL,NULL),('0841637b-d428-420f-b451-29be9aa57022',477,'5 Marla House in gulzaar valley chakri road Rwp.','2 bed rooms 1 drawing danning 1 kitchen 3 baths.\nElectricity gas and water are available if you wanna intrested contact me.','sahilsunny281@yahoo.com',12000,3,1,3,0,0,0,1,1,'House','3','03115123199',33.553981000,73.014371200,NULL,NULL,'Chakri Rd, Rawalpindi, Pakistan','74320342-3d0c-4c5b-b44b-7b51784430ca','Sulman',1,'Month','2017-11-27 15:00:18','2017-11-27 15:00:18',NULL,NULL),('8e7308fe-5ae9-4a25-afec-34317768930a',478,'Sun Rise Apartments','Apartment for available for Rent\nSun Rise Apartments\nBlock 1 Clifton, 5th floor\n3 bed Drawing Dinning\nTV Lounge.\nWest open.\n *Demand 50,000* \nPlease Contact 03009222409\nOwner','seebi74@hotmail.com',50000,3,1,3,1,0,1,1,1,'Apartment','3','03009222409',24.824796300,67.031565700,NULL,NULL,'Clifton, Karachi, Pakistan',NULL,'HASEEB',0,'Month','2017-11-27 20:18:38','2017-11-27 20:18:38',NULL,NULL),('5bc4a9e6-1dce-4cca-b937-24a3a59ca9ee',479,'Factory for rent',NULL,'sunshineexp@gmail.com',70000,0,0,0,0,0,0,0,0,'Apartment','0','03228277771',24.997696800,67.062179000,NULL,NULL,'New Karachi, Karachi, Pakistan','68e87979-0bf3-4462-b89d-1f5cbb944fd1','Hangar Ali',0,'Month','2017-11-28 17:47:39','2017-11-28 17:47:39',NULL,NULL),('d0603c02-2170-4295-a709-5c785bbb79b5',480,'F 6 1 bed room full furnished  with DD kitchen bath 1 car prking',NULL,'amirali.ofc7@gmail.com',50000,1,1,1,1,0,1,0,0,'House','0','03363653652',33.729388200,73.093146100,NULL,NULL,'Islamabad Capital Territory, Pakistan','cab06f4c-cf00-4967-a72d-536469f9f302','Amir Ali',1,'Month','2017-11-29 17:24:35','2017-11-29 17:24:35',NULL,NULL),('98db9100-2e49-4e9c-bca8-6ca14dfa1400',481,'Blue area 600 sq ft space  for rent office,s','Blue area 600 sq ft space  for rent office,s','amirali.ofc7@gmail.com',100000,1,1,1,1,1,1,1,1,'Apartment','0','03363653652',33.729388200,73.093146100,NULL,NULL,'Islamabad, Pakistan',NULL,'AMIR ALI',1,'Month','2017-11-29 17:33:30','2017-11-29 17:33:30',NULL,NULL),('c132cfcc-e02e-42c9-b60a-aba947625113',482,'Available for rent','1st floor, size 40*80,4 bed,4baths, DD, TV longue, new construction, separate meter, boring','nawaz.nadeem@yahoo.com',65000,4,1,4,0,0,0,0,0,'House','0','03335111576',33.678446200,73.021341400,NULL,NULL,'G-10/4, Islamabad, Pakistan','f5582f22-7634-4f9c-9d52-e4f71aaff9f2','Nadeem',0,'Month','2017-11-30 16:11:17','2017-11-30 16:11:17',NULL,NULL);
/*!40000 ALTER TABLE `house` ENABLE KEYS */;
UNLOCK TABLES;

--
-- Dumping data for table `houseimages`
--

LOCK TABLES `houseimages` WRITE;
/*!40000 ALTER TABLE `houseimages` DISABLE KEYS */;
INSERT INTO `houseimages` VALUES (5,'0cd35db7-0e72-4e9c-aa45-0616fa3ee9af','https://storage.googleapis.com/rentstuff-1022-photo-storage-bucket/IMG_6a5ba37f-0133-4b0a-b7b4-bf07fd1b0dac.jpg'),(6,'0cd35db7-0e72-4e9c-aa45-0616fa3ee9af','https://storage.googleapis.com/rentstuff-1022-photo-storage-bucket/IMG_676da2ed-b33b-4c03-9996-73da579f4743.jpg'),(7,'0cd35db7-0e72-4e9c-aa45-0616fa3ee9af','https://storage.googleapis.com/rentstuff-1022-photo-storage-bucket/IMG_6b5923b2-99f9-428f-9446-4c6dc3c09c23.jpg'),(8,'991d4408-c3f9-4576-ac01-f5cfced19527','https://storage.googleapis.com/rentstuff-1022-photo-storage-bucket/IMG_c16d2b01-e539-44d6-aa8f-7fc916aa1229.jpg'),(9,'991d4408-c3f9-4576-ac01-f5cfced19527','https://storage.googleapis.com/rentstuff-1022-photo-storage-bucket/IMG_029d7502-58ee-4c73-a764-cdd8fa190242.jpg'),(10,'991d4408-c3f9-4576-ac01-f5cfced19527','https://storage.googleapis.com/rentstuff-1022-photo-storage-bucket/IMG_ca842415-5ac6-4a2d-a6ba-7299d3aafefe.jpg'),(11,'991d4408-c3f9-4576-ac01-f5cfced19527','https://storage.googleapis.com/rentstuff-1022-photo-storage-bucket/IMG_7f5e2dc6-1458-457a-8957-45e035c3d09a.jpg'),(12,'991d4408-c3f9-4576-ac01-f5cfced19527','https://storage.googleapis.com/rentstuff-1022-photo-storage-bucket/IMG_52004925-a659-4b31-acf7-8362045a7ca7.jpg'),(13,'221897e8-c601-4a77-9c47-d4486bf0d27d','https://storage.googleapis.com/rentstuff-1022-photo-storage-bucket/IMG_925f416c-e4e4-4b65-9464-b14d441cc024.jpg'),(14,'221897e8-c601-4a77-9c47-d4486bf0d27d','https://storage.googleapis.com/rentstuff-1022-photo-storage-bucket/IMG_3de15308-8391-4f9f-b994-2aa4cf8dcf67.jpg'),(15,'221897e8-c601-4a77-9c47-d4486bf0d27d','https://storage.googleapis.com/rentstuff-1022-photo-storage-bucket/IMG_89da7a60-36f9-4327-ad0e-3e12949c9ad3.jpg'),(16,'221897e8-c601-4a77-9c47-d4486bf0d27d','https://storage.googleapis.com/rentstuff-1022-photo-storage-bucket/IMG_bd5c2893-9898-4394-bb8e-3796120b62e6.jpg'),(17,'221897e8-c601-4a77-9c47-d4486bf0d27d','https://storage.googleapis.com/rentstuff-1022-photo-storage-bucket/IMG_3aefea50-4adf-46ca-b449-bdc7c4f63b16.jpg'),(18,'221897e8-c601-4a77-9c47-d4486bf0d27d','https://storage.googleapis.com/rentstuff-1022-photo-storage-bucket/IMG_f83ce8ec-96d6-4a9d-a895-dc086609b081.jpg'),(19,'91a523a6-3bf2-4f25-a584-c96ae8d9cea9','https://storage.googleapis.com/rentstuff-1022-photo-storage-bucket/IMG_3288e0b8-9e4d-4eeb-8d2c-7cd635bd60ed.jpg'),(20,'91a523a6-3bf2-4f25-a584-c96ae8d9cea9','https://storage.googleapis.com/rentstuff-1022-photo-storage-bucket/IMG_816d3969-22e9-4994-a3a0-b4e08a4b775d.jpg'),(21,'91a523a6-3bf2-4f25-a584-c96ae8d9cea9','https://storage.googleapis.com/rentstuff-1022-photo-storage-bucket/IMG_39282a9d-53e2-4302-9464-6020d04aa469.jpg'),(22,'91a523a6-3bf2-4f25-a584-c96ae8d9cea9','https://storage.googleapis.com/rentstuff-1022-photo-storage-bucket/IMG_666a55c6-1c38-4d65-8d22-714363e592e2.jpg'),(23,'91a523a6-3bf2-4f25-a584-c96ae8d9cea9','https://storage.googleapis.com/rentstuff-1022-photo-storage-bucket/IMG_f3d43ae1-b45c-4c1d-baa9-a6ae9e49bca7.jpg'),(24,'91a523a6-3bf2-4f25-a584-c96ae8d9cea9','https://storage.googleapis.com/rentstuff-1022-photo-storage-bucket/IMG_5f22ffce-6f7c-4c16-a7f0-ff606f3a490c.jpg'),(25,'91a523a6-3bf2-4f25-a584-c96ae8d9cea9','https://storage.googleapis.com/rentstuff-1022-photo-storage-bucket/IMG_d572fec2-5945-4a32-8d15-5e034ca76a58.jpg'),(49,'4efa83dd-9461-4131-bec2-abd9eb1e9b65','https://storage.googleapis.com/rentstuff-1022-photo-storage-bucket/IMG_74f26fd2-d8d2-4570-b7eb-a0f867b184ea.jpg'),(77,'5e99cea5-8a26-47c8-8d8c-9753a4568d9e','https://storage.googleapis.com/rentstuff-1022-photo-storage-bucket/IMG_0aa1c565-862a-420f-a55e-00a4a34ddc1f.jpg'),(102,'6cf2fa28-5055-40c4-b9a5-84c134fbdde6','https://storage.googleapis.com/rentstuff-1022-photo-storage-bucket/IMG_b44cba08-b3ef-4edb-bc35-cce9ca6426e0.jpg'),(272,'90f2d62d-86e9-4e0c-b6d9-25d8ee955032','https://storage.googleapis.com/rentstuff-1022-photo-storage-bucket/IMG_f113e198-7180-461b-b193-ab590519bc03.jpg'),(273,'90f2d62d-86e9-4e0c-b6d9-25d8ee955032','https://storage.googleapis.com/rentstuff-1022-photo-storage-bucket/IMG_e0b9de87-50fd-4e8d-8795-bd13ead7ad4d.jpg'),(274,'90f2d62d-86e9-4e0c-b6d9-25d8ee955032','https://storage.googleapis.com/rentstuff-1022-photo-storage-bucket/IMG_4ff0f2e3-4137-4f4f-8fbc-884ccc7133e7.jpg'),(275,'90f2d62d-86e9-4e0c-b6d9-25d8ee955032','https://storage.googleapis.com/rentstuff-1022-photo-storage-bucket/IMG_f1258ae1-7fc1-4878-a176-199f75f74dc0.jpg'),(276,'90f2d62d-86e9-4e0c-b6d9-25d8ee955032','https://storage.googleapis.com/rentstuff-1022-photo-storage-bucket/IMG_e52574aa-5eee-42d6-b821-1cd829982679.jpg'),(277,'0841637b-d428-420f-b451-29be9aa57022','https://storage.googleapis.com/rentstuff-1022-photo-storage-bucket/IMG_5086b5e7-33cf-4961-aa0e-6860ecc8974c.jpg'),(278,'0841637b-d428-420f-b451-29be9aa57022','https://storage.googleapis.com/rentstuff-1022-photo-storage-bucket/IMG_b469dab3-c19f-46d2-87d8-3683ba7b3180.jpg'),(279,'0841637b-d428-420f-b451-29be9aa57022','https://storage.googleapis.com/rentstuff-1022-photo-storage-bucket/IMG_a43280c2-2877-4710-8653-ae7e92c797b7.jpg'),(280,'0841637b-d428-420f-b451-29be9aa57022','https://storage.googleapis.com/rentstuff-1022-photo-storage-bucket/IMG_0d0d3c24-5735-4f45-88f0-29fa164cd941.jpg'),(281,'d0603c02-2170-4295-a709-5c785bbb79b5','https://storage.googleapis.com/rentstuff-1022-photo-storage-bucket/IMG_df26e6bb-3cf5-4c23-95b3-a0ce607334d7.jpg'),(282,'d0603c02-2170-4295-a709-5c785bbb79b5','https://storage.googleapis.com/rentstuff-1022-photo-storage-bucket/IMG_ba8967d6-79c4-43d0-919d-d398a5051998.jpg'),(283,'d0603c02-2170-4295-a709-5c785bbb79b5','https://storage.googleapis.com/rentstuff-1022-photo-storage-bucket/IMG_a2291df7-71b6-4ea0-9a73-0ac93436b25d.jpg'),(284,'d0603c02-2170-4295-a709-5c785bbb79b5','https://storage.googleapis.com/rentstuff-1022-photo-storage-bucket/IMG_dda36307-00e5-4ca1-a721-610f183b8411.jpg'),(285,'d0603c02-2170-4295-a709-5c785bbb79b5','https://storage.googleapis.com/rentstuff-1022-photo-storage-bucket/IMG_ef1c1703-d832-4532-9100-0488321a9c33.jpg'),(286,'d0603c02-2170-4295-a709-5c785bbb79b5','https://storage.googleapis.com/rentstuff-1022-photo-storage-bucket/IMG_7d93c1e6-a27a-4b54-b19d-af56e3a7ab49.jpg'),(287,'d0603c02-2170-4295-a709-5c785bbb79b5','https://storage.googleapis.com/rentstuff-1022-photo-storage-bucket/IMG_30f6a0bc-11be-438b-9b54-66dc40c55437.jpg'),(288,'d0603c02-2170-4295-a709-5c785bbb79b5','https://storage.googleapis.com/rentstuff-1022-photo-storage-bucket/IMG_8ba8f71b-7e38-4dc2-86df-6ec0c22db304.jpg'),(289,'d0603c02-2170-4295-a709-5c785bbb79b5','https://storage.googleapis.com/rentstuff-1022-photo-storage-bucket/IMG_5283e5e7-add2-4e87-a6ec-c41bab223d1b.jpg');
/*!40000 ALTER TABLE `houseimages` ENABLE KEYS */;
UNLOCK TABLES;

--
-- Dumping data for table `occupants`
--

LOCK TABLES `occupants` WRITE;
/*!40000 ALTER TABLE `occupants` DISABLE KEYS */;
/*!40000 ALTER TABLE `occupants` ENABLE KEYS */;
UNLOCK TABLES;
/*!40103 SET TIME_ZONE=@OLD_TIME_ZONE */;

/*!40101 SET SQL_MODE=@OLD_SQL_MODE */;
/*!40014 SET FOREIGN_KEY_CHECKS=@OLD_FOREIGN_KEY_CHECKS */;
/*!40014 SET UNIQUE_CHECKS=@OLD_UNIQUE_CHECKS */;
/*!40101 SET CHARACTER_SET_CLIENT=@OLD_CHARACTER_SET_CLIENT */;
/*!40101 SET CHARACTER_SET_RESULTS=@OLD_CHARACTER_SET_RESULTS */;
/*!40101 SET COLLATION_CONNECTION=@OLD_COLLATION_CONNECTION */;
/*!40111 SET SQL_NOTES=@OLD_SQL_NOTES */;

-- Dump completed on 2018-09-10 15:26:37
